city,country,type,filename
Paris,France,City,paris-france-4011964.jpg
Nice,France,City,nice-france-1538147.jpg
Lyon,France,City,lyon-france-1687781.jpg
Bordeaux,France,City, bordeaux-france-9938007.jpg
Marseille,France,City,marseille-france-5019130.jpg
Cannes,France,City,cannes-france-6069497.jpg
Strasbourg,France,City,strasbourg-france-836211.jpg
Ajaccio,France (Corsica),Island,ajaccio-france-corsica-17961847.jpeg
Bastia,France (Corsica),Island,bastia-france-corsica-24227286.jpeg
Rome,Italy,City,rome-italy-2459675.jpg
Venice,Italy,City,venice-italy-5767940.jpg
Florence,Italy,City,florence-italy-5736572.jpg
Milan,Italy,City,milan-italy-3523720.jpg
Naples,Italy,City,naples-italy-2746506.jpg
Verona,Italy,City,verona-italy-2612758.jpg
Pisa,Italy,City,pisa-italy-1056568.jpg
Bologna,Italy,City,Bologna-taly-blgna1.jpg
Turin,Italy,City, Turin-Italy-lL36UC2ghoI.jpg
Cagliari,Italy (Sardinia),Island, Cagliari-Italy-33827790.jpg
Olbia,Italy (Sardinia),Island, olbia-Italy-33786362.jpg
Palermo,Italy (Sicily),Island,palermo-italy-sicily-os4UFdx7Huw.jpg
Catania,Italy (Sicily),Island, Catania-ItalyEKayVii82I.jpg
Taormina,Italy (Sicily),Island,taormina-italy-sicily-2476286.jpg
Madrid,Spain,City,madrid-spain-2749858.jpg
Barcelona,Spain,City,barcelona-spain-2067989.jpg
Valencia,Spain,City,valencia-spain-5742521.jpg
Seville,Spain,City,seville-spain-6464281.jpg
Granada,Spain,City,granada-spain-94157.jpg
Bilbao,Spain,City,bilbao-spain-XEAs0q8QTps.jpg
San Sebastián,Spain,City,san-sebastian-spain-5730208.jpg
Palma de Mallorca,Spain (Balearic Islands),Island,palma-de-mallorca-spain-balearic-islands-2246507.jpg
Ibiza,Spain (Balearic Islands),Island,ibiza-spain-balearic-islands-JeHqohgddP8.jpg
Menorca,Spain (Balearic Islands),Island,menorca-spain-balearic-islands-6XlZVY83T_c.jpg
Tenerife,Spain (Canary Islands),Island,tenerife-spain-canary-islands-1961697.jpg
Gran Canaria,Spain (Canary Islands),Island,gran-canaria-spain-canary-islands-5026508.jpg
Lanzarote,Spain (Canary Islands),Island,lanzarote-spain-canary-islands-xPmVUd9NBrQ.jpg
Fuerteventura,Spain (Canary Islands),Island,fuerteventura-spain-canary-islands-458917.jpg
Lisbon,Portugal,City,lisbon-portugal-2650096.jpg
Porto,Portugal,City,porto-portugal-7965554.jpg
Coimbra,Portugal,City,coimbra-portugal-WiriNoyr_Is.jpg
Faro,Portugal,City,faro-portugal-2909398.jpg
Funchal,Portugal (Madeira),Island,funchal-portugal-madeira-2013387.jpg
Ponta Delgada,Portugal (Azores),Island,ponta-delgada-portugal-azores-oDY1s3tzTnc.jpg
Athens,Greece,City,athens-greece-6971467.jpg
Thessaloniki,Greece,City,thessaloniki-greece-nhIJRWHSk8g.jpg
Santorini,Greece,Island,santorini-greece-416136.jpg
Mykonos,Greece,Island,mykonos-greece-376364.jpg
Rhodes,Greece,Island,rhodes-greece-7152359.jpg
Heraklion,Greece (Crete),Island,heraklion-greece-crete-2800177.jpg
Chania,Greece (Crete),Island,chania-greece-crete-b7yfakJdDiA.jpg
Corfu,Greece,Island,corfu-greece-1370502.jpg
Zakynthos,Greece,Island,zakynthos-greece-5573211.jpg
Naxos,Greece,Island,naxos-greece-1289084.jpg
Paros,Greece,Island,paros-greece-qvdGgOwgw1Q.jpg
Kos,Greece,Island,kos-greece-xq9TNUyGRU4.jpg
Dubrovnik,Croatia,City,dubrovnik-croatia-7083151.jpg
Split,Croatia,City,split-croatia-1585464.jpg
Hvar,Croatia,Island,hvar-croatia-zrwltEAH0Ds.jpg
Korčula,Croatia,Island,korcula-croatia-o5KTaHliG-E.jpg
Zadar,Croatia,City,zadar-croatia-R9Bz3GrxGwg.jpg
Istanbul,Turkey,City,istanbul-turkey-1057113.jpg
Bodrum,Turkey,City,bodrum-turkey-mJ1OYO4AEV4.jpg
Antalya,Turkey,City,antalya-turkey-73890.jpg
Izmir,Turkey,City,izmir-turkey-t--LxQ_fsWI.jpg
Valletta,Malta,Island,valletta-malta-485321.jpg
Gozo,Malta,Island,gozo-malta-3002239.jpg
Nicosia,Cyprus,City,nicosia-cyprus-91sthpsWbk8.jpg
Limassol,Cyprus,City,limassol-cyprus-6981304.jpg
Paphos,Cyprus,City,paphos-cyprus-6986799.jpg
Ayia Napa,Cyprus,City,ayia-napa-cyprus-7079231.jpg
Reykjavik,Iceland,City,reykjavik-iceland-944592.jpg
Akureyri,Iceland,City,akureyri-iceland-eE0TfEoh4B4.jpg
Vik,Iceland,City,vik-iceland-MYUh7sgJksQ.jpg
Tokyo,Japan,City,tokyo-japan-881355.jpg
Kyoto,Japan,City,kyoto-japan-2475666.jpg
Osaka,Japan,City,osaka-japan-5572289.jpg
Hiroshima,Japan,City,hiroshima-japan-5600150.jpg
Sapporo,Japan,City,sapporo-japan-2662586.jpg
Naha,Japan (Okinawa),Island,naha-japan-okinawa-Wo4tvcNL8JY.jpg
Miyakojima,Japan (Okinawa),Island,miyakojima-japan-okinawa-8cC2XgYsW4o.jpg
Ishigaki,Japan (Okinawa),Island,ishigaki-japan-okinawa-i5sGFiL0ErA.jpg
Bangkok,Thailand,City,bangkok-thailand-7425079.jpg
Chiang Mai,Thailand,City,chiang-mai-thailand-1550752.jpg
Chiang Rai,Thailand,City,chiang-rai-thailand-1822484.jpg
Phuket,Thailand,Island,phuket-thailand-1451382.jpg
Koh Samui,Thailand,Island,koh-samui-thailand-1658583.jpg
Krabi,Thailand,Island,krabi-thailand-4831352.jpg
Koh Phi Phi,Thailand,Island,koh-phi-phi-thailand-2306767.jpg
Koh Tao,Thailand,Island,koh-tao-thailand-lM8MZQBovTU.jpg
Koh Phangan,Thailand,Island,koh-phangan-thailand-28506416.jpeg
Bali,Indonesia,Island,bali-indonesia-200295.jpg
Lombok,Indonesia,Island,lombok-indonesia-7114297.jpg
Gili Islands,Indonesia,Island,gili-islands-indonesia-2607115.jpeg
Komodo Island,Indonesia,Island,komodo-island-indonesia-10392196.jpeg
Jakarta,Indonesia,City,jakarta-indonesia-5193927.jpg
Yogyakarta,Indonesia,City,yogyakarta-indonesia-6089719.jpg
Kuala Lumpur,Malaysia,City,kuala-lumpur-malaysia-911580.jpg
Langkawi,Malaysia,Island,langkawi-malaysia-3711511.jpg
Penang,Malaysia,Island,penang-malaysia-2794537.jpg
Perhentian Islands,Malaysia,Island,perhentian-islands-malaysia-7986380.jpeg
Tioman Island,Malaysia,Island,tioman-island-malaysia-33687798.jpeg
Manila,Philippines,City,manila-philippines-4951855.jpg
Cebu,Philippines,City,cebu-philippines-584302.jpeg
Boracay,Philippines,Island,boracay-philippines-2065643.jpg
Palawan (El Nido),Philippines,Island,palawan-el-nido-philippines-2416888.jpeg
Palawan (Coron),Philippines,Island,palawan-coron-philippines-22041235.jpeg
Bohol,Philippines,Island,bohol-philippines-9116185.png
Siargao,Philippines,Island,siargao-philippines-5606067.jpg
Hanoi,Vietnam,City,hanoi-vietnam-599202.jpg
Ho Chi Minh City,Vietnam,City,ho-chi-minh-city-vietnam-2419454.jpg
Da Nang,Vietnam,City,da-nang-vietnam-547271.jpg
Hoi An,Vietnam,City,hoi-an-vietnam-547271.jpg
Ha Long Bay,Vietnam,Island,ha-long-bay-vietnam-4070163.jpg
Phu Quoc Island,Vietnam,Island,phu-quoc-island-vietnam-3058741.jpg
Nha Trang,Vietnam,City,nha-trang-vietnam-3039567.jpg
Beijing,China,City,beijing-china-746576.jpg
Shanghai,China,City,shanghai-china-3925082.jpg
Xi’an,China,City,xian-china-29403950.jpeg
Chengdu,China,City,chengdu-china-2299949.jpeg
Hong Kong,China,City,hong-kong-china-2612866.jpg
Macau,China,City,macau-china-509685.jpeg
Sanya,China (Hainan Island),Island,sanya-china-hainan-island-12736037.jpeg
Delhi,India,City,delhi-india-4780852.jpg
Mumbai,India,City,mumbai-india-2429648.jpg
Jaipur,India,City,jaipur-india-2336946.jpg
Agra,India,City,agra-india-379667.jpg
Goa,India,City,goa-india-5827007.jpg
Kerala (Cochin),India,City,kerala-cochin-india-10879258.jpeg
Andaman Islands,India,Island,andaman-islands-india-10671403.jpeg
Colombo,Sri Lanka,City,colombo-sri-lanka-5061995.jpg
Kandy,Sri Lanka,City,kandy-sri-lanka-204803.jpg
Galle,Sri Lanka,City,galle-sri-lanka-7145940.jpg
Ella,Sri Lanka,City,ella-sri-lanka-321569.jpeg
Sigiriya,Sri Lanka,City,sigiriya-sri-lanka-5200034.jpg
Mirissa,Sri Lanka,City,mirissa-sri-lanka-330260.jpeg
Jaffna,Sri Lanka,City,jaffna-sri-lanka-16508230.jpeg
Malé,Maldives,Island,male-maldives-1268869.jpeg
North Malé Atoll,Maldives,Island,north-male-atoll-maldives-12720683.jpeg
Baa Atoll,Maldives,Island,baa-atoll-maldives-1483053.jpeg
Singapore,Singapore,City,singapore-singapore-5653556.jpg
Seoul,South Korea,City,seoul-south-korea-8403808.jpg
Busan,South Korea,City,busan-south-korea-5428144.jpg
Jeju Island,South Korea,Island,jeju-island-south-korea-30966640.jpeg
Sydney,Australia,City,sydney-australia-4670527.jpg
Melbourne,Australia,City,melbourne-australia-2262233.jpg
Brisbane,Australia,City,brisbane-australia-2850156.jpg
Perth,Australia,City,perth-australia-30835052.jpeg
Adelaide,Australia,City,adelaide-australia-2436960.jpg
Hobart,Australia,City,hobart-australia-33697373.jpeg
Cairns,Australia,City,cairns-australia-4056582.jpeg
Darwin,Australia,City,darwin-australia-321180.jpeg
Whitsundays,Australia,Island,whitsundays-australia-5326923.jpeg
Hamilton Island,Australia,Island,hamilton-island-australia-13581455.jpeg
Gold Coast,Australia,City,gold-coast-australia-1216988.jpg
Auckland,New Zealand,City,auckland-new-zealand-4495127.jpg
Wellington,New Zealand,City,wellington-new-zealand-395939.jpeg
Christchurch,New Zealand,City,christchurch-new-zealand-28927794.jpeg
Queenstown,New Zealand,City,queenstown-new-zealand-2156117.jpg
Rotorua,New Zealand,City,rotorua-new-zealand-2128937.jpg
Milford Sound,New Zealand,City,milford-sound-new-zealand-17431556.jpeg
Bay of Islands,New Zealand,City,bay-of-islands-new-zealand-1675778.jpg
Nadi,Fiji,City,nadi-fiji-26087998.jpeg
Suva,Fiji,City,suva-fiji-29350893.jpeg
Denarau,Fiji,Island,denarau-fiji-4784462.jpeg
Yasawa Islands,Fiji,Island,yasawa-islands-fiji-33732067.jpeg
Mamanuca Islands,Fiji,Island,mamanuca-islands-fiji-11434425.jpeg
Tahiti (Papeete),French Polynesia,Island,tahiti-papeete-french-polynesia-1172524.jpeg
Bora Bora,French Polynesia,Island,bora-bora-french-polynesia-30422271.jpeg
Moorea,French Polynesia,Island,moorea-french-polynesia-5790006.jpg
Rangiroa,French Polynesia,Island,rangiroa-french-polynesia-17365113.jpeg
Honolulu (Oahu),"Hawaii, USA",Island,camilla-frederiksen-Dr0EgWjyyP0-unsplash.jpg
Maui,"Hawaii, USA",Island,joel-feld-7xcUJdrWSQY-unsplash.jpg
Kauai,"Hawaii, USA",Island,pascal-debrunner-zs_QOp28K2s-unsplash.jpg
Hilo,"Hawaii, USA (Big Island)",Island,nitin-karolla-RrH_oBTkq1M-unsplash.jpg
Kona,"Hawaii, USA (Big Island)",Island,micah-alameda-De6wOT0_cFA-unsplash.jpg
Rarotonga,Cook Islands,Island,rarotonga-cook-islands-8186506.jpeg
Aitutaki,Cook Islands,Island,aitutaki-cook-islands-11434425.jpeg
Apia,Samoa,City,apia-samoa-19844887.jpeg
Savai’i,Samoa,Island,savaii-samoa-17131058.jpeg
Nuku’alofa,Tonga,City,nukualofa-tonga-4666751.jpeg
Vava’u,Tonga,Island,vavau-tonga-5256400.jpeg
Nouméa,New Caledonia,City,noumea-new-caledonia-18618298.jpeg
Isle of Pines,New Caledonia,Island,isle-of-pines-new-caledonia-9407825.jpeg
Port Vila,Vanuatu,City,port-vila-vanuatu-29041767.jpeg
Espiritu Santo,Vanuatu,Island,espiritu-santo-vanuatu-12921445.jpeg
Tumon,Guam,City,tumon-guam-6715536.jpeg
Hagåtña,Guam,City,hagatna-guam-31086786.jpeg
Koror,Palau,City,koror-palau-8356065.jpeg
Rock Islands,Palau,Island,rock-islands-palau-175137.jpg
Chuuk,Micronesia,Island,chuuk-micronesia-26926255.jpeg
Pohnpei,Micronesia,Island,pohnpei-micronesia-26926255.jpeg
Yap,Micronesia,Island,yap-micronesia-26926255.jpeg
Majuro,Marshall Islands,City,majuro-marshall-islands-18885701.jpeg
Bikini Atoll,Marshall Islands,Island,bikini-atoll-marshall-islands-yzyMiKEnt-k.jpg
Bergen,Norway,City,bergen-norway-umrfDSxpYik.jpg
Tromsø,Norway,City,troms-norway-aN-Z-h-BAGk.jpg
Faroe Islands,Denmark,Island,faroe-islands-denmark-9-6onr9FV68.jpg
Shetland Islands,UK,Island,shetland-islands-uk-yHx_K1TfmsU.jpg
Madeira,Portugal,Island,madeira-portugal-2013387.jpg
Azores (São Miguel),Portugal,Island,azores-sao-miguel-portugal-oDY1s3tzTnc.jpg
Riga,Latvia,City,riga-latvia-4697835.jpg
Tallinn,Estonia,City,tallinn-estonia-1710294.jpg
Helsinki,Finland,City,helsinki-finland-3006797.jpg
Stockholm,Sweden,City,stockholm-sweden-3177040.jpg
Oslo,Norway,City,oslo-norway-eUQbToxjwGU.jpg
Santander,Spain,City,santander-spain-EFYNk5-F7Zs.jpg
Ibiza Town,Spain,Island,ibiza-town-spain-uYojwvrmNYY.jpg
Mykonos Town,Greece,Island,mykonos-town-greece-hoZ3OzwQLrY.jpg
Patmos,Greece,Island,patmos-greece-b7yfakJdDiA.jpg
Penang Island,Malaysia,Island,penang-island-malaysia-gExcbzXbBB0.jpg
Siem Reap,Cambodia,City,siem-reap-cambodia-250295.jpg
Phnom Penh,Cambodia,City,phnom-penh-cambodia-99634.jpg
Luang Prabang,Laos,City,luang-prabang-laos-55Wl47w6u0E.jpg
Vientiane,Laos,City,vientiane-laos-5111579.jpg
Yangon,Myanmar,City,yangon-myanmar-1731194.jpg
Bagan,Myanmar,City,bagan-myanmar-1955982.jpg
Palawan (Puerto Princesa),Philippines,Island,palawan-puerto-princesa-philippines-sKjrgpdbYIA.jpg
Camiguin,Philippines,Island,camiguin-philippines-PPjMAr5aHIw.jpg
Jeju City,South Korea,Island,jeju-city-south-korea-VaviozdnFHE.jpg
Nikko,Japan,City,nikko-japan-BOdyLrUMZ1o.jpg
Hakone,Japan,City,hakone-japan-4009214.jpeg
Mo’orea,French Polynesia,Island,moorea-french-polynesia-17365113.jpeg
Huahine,French Polynesia,Island,huahine-french-polynesia-1172518.jpeg
Palau (Babeldaob),Palau,Island,palau-babeldaob-palau-8356065.jpeg
Chuuk Lagoon,Micronesia,Island,chuuk-lagoon-micronesia-Q4Yu8a200v4.jpg
Majuro Atoll,Marshall Islands,Island,majuro-atoll-marshall-islands-UJVJNRAdQgo.jpg
Quebec City,Canada,City,quebec-city-canada-815376.jpg
Montreal,Canada,City,montreal-canada-5843264.jpg
Vancouver,Canada,City,vancouver-canada-2749395.jpg
Boston,USA,City,boston-usa-1934667.jpg
"Washington, D.C.",USA,City, washingtondc-ra3oAd6hrnM-unsplash.jpg
San Diego,USA,City,san-diego-usa-QdXYYdODk54.jpg
Orlando,USA,City,orlando-usa-2839720.jpg
Las Vegas,USA,City,las-vegas-usa-959085.jpg
Rio de Janeiro,Brazil,City,rio-de-janeiro-brazil-4183806.jpg
São Paulo,Brazil,City,sao-paulo-brazil-4923620.jpg
Buenos Aires,Argentina,City,buenos-aires-argentina-240952.jpg
Lima,Peru,City,lima-peru-4713822.jpg
Cusco,Peru,City,cusco-peru-2655339.jpg
Cartagena,Colombia,City,cartagena-colombia-4788526.jpg
Zanzibar,Tanzania,Island,zanzibar-tanzania-1552362.jpg
Stone Town,"Zanzibar, Tanzania",City, andi-hasbi-jaya-3LZJrfpCFOQ-unsplash.jpg
Marrakech Medina,Morocco,City,marrakech-medina-morocco-9_xnKWRZWzU.jpg
Essaouira,Morocco,City,essaouira-morocco-lFMBsY1h5F4.jpg
Victoria,Seychelles,City,victoria-seychelles-uhRnCXJp-lo.jpg
Mahe Island,Seychelles,Island,mahe-island-seychelles-_OgHh_XFTTY.jpg
Praslin Island,Seychelles,Island,praslin-island-seychelles-VNjnidGrH4w.jpg
Nosy Be,Madagascar,Island,nosy-be-madagascar-FTCevEe6MYE.jpg
Kabul,Afghanistan,City,kabul-afghanistan-B-PlkEOC1M4.jpg
Tirana,Albania,City,tirana-albania-mVGZkxgApTs.jpg
Algiers,Algeria,City,algiers-algeria-695987.jpeg
Andorra la Vella,Andorra,City,andorra-la-vella-andorra-918777.jpeg
Luanda,Angola,City,luanda-angola-2767923.jpeg
St. John's,Antigua and Barbuda,City,st-johns-antigua-and-barbuda-10656994.jpeg
Yerevan,Armenia,City,yerevan-armenia-30454809.jpeg
Vienna,Austria,City,vienna-austria-933500.jpg
Baku,Azerbaijan,City,baku-azerbaijan-33678821.jpeg
Nassau,Bahamas,City,nassau-bahamas-9400907.jpeg
Manama,Bahrain,City,manama-bahrain-6188071.jpeg
Dhaka,Bangladesh,City,dhaka-bangladesh-33786890.jpeg
Bridgetown,Barbados,City,bridgetown-barbados-14250687.jpeg
Minsk,Belarus,City,minsk-belarus-FCNfHeN4FaY.jpg
Brussels,Belgium,City,brussels-belgium-108119.jpg
Belmopan,Belize,City,belmopan-belize-DB4VH8id_ac.jpg
Porto-Novo,Benin,City,porto-novo-benin-h781CadBmuQ.jpg
Thimphu,Bhutan,City,thimphu-bhutan-6737217.jpg
La Paz,Bolivia,City,la-paz-bolivia-C9v6wrKxZZ4.jpg
Sarajevo,Bosnia and Herzegovina,City,sarajevo-bosnia-and-herzegovina-2259911.jpg
Gaborone,Botswana,City, fahad-salman-0bg6mpy9qEA-unsplash.jpg
Bandar Seri Begawan,Brunei,City,bandar-seri-begawan-brunei-12587133.jpeg
Sofia,Bulgaria,City,sofia-bulgaria-2538730.jpg
Ouagadougou,Burkina Faso,City, hans-eiskonen-6cW2_CblIxU-unsplash.jpg
Gitega,Burundi,City,gitega-burundi-u30hHUNjm08.jpg
Praia,Cabo Verde,City,praia-cabo-verde-K4WWo2dYYdA.jpg
Yaoundé,Cameroon,City,yaounde-cameroon-f00K-gRL8yA.jpg
Bangui,Central African Republic,City,bangui-central-african-republic-nejReObVk8w.jpg
N'Djamena,Chad,City,ndjamena-chad-so3iQv5qRr4.jpg
Santiago,Chile,City,santiago-chile-6r7R2_wQVww.jpg
Moroni,Comoros,City,moroni-comoros-qVR3RmzGwTc.jpg
Brazzaville,Congo,City,brazzaville-congo-fwV3gvZO8sI.jpg
San José,Costa Rica,City,san-jose-costa-rica-YxcG067aam0.jpg
Havana,Cuba,City,havana-cuba-2662037.jpg
Prague,Czechia,City,prague-czechia-3948308.jpg
Kinshasa,Democratic Republic of the Congo,City,kinshasa-democratic-republic-of-the-congo-8yTyCF4epts.jpg
Djibouti,Djibouti,City,djibouti-djibouti-GXVgRA4YemU.jpg
Roseau,Dominica,City,roseau-dominica-DlAh76xqVpQ.jpg
Santo Domingo,Dominican Republic,City,santo-domingo-dominican-republic-1280553.jpeg
Quito,Ecuador,City,quito-ecuador-31996197.jpeg
Cairo,Egypt,City,cairo-egypt-3290075.jpeg
San Salvador,El Salvador,City,san-salvador-el-salvador-32730680.jpeg
Malabo,Equatorial Guinea,City,malabo-equatorial-guinea-3030308.jpeg
Asmara,Eritrea,City,asmara-eritrea-8828328.jpeg
Mbabane,Eswatini,City,mbabane-eswatini-33805494.jpeg
Addis Ababa,Ethiopia,City,addis-ababa-ethiopia-30327309.jpeg
Libreville,Gabon,City,janet-restrepo-9NmoYIclg_I-unsplash.jpg
Banjul,Gambia,City,banjul-gambia-16562860.jpeg
Tbilisi,Georgia,City,tbilisi-georgia-33793081.jpeg
Berlin,Germany,City,berlin-germany-33825249.jpeg
Accra,Ghana,City,accra-ghana-33763152.jpeg
St. George's,Grenada,City,st-georges-grenada-4156554.jpeg
Guatemala City,Guatemala,City,guatemala-city-guatemala-12321941.jpeg
Conakry,Guinea,City, dominic-kurniawan-suryaputra-voQnu31G9wQ-unsplash.jpg
Bissau,Guinea-Bissau,City,bissau-guinea-bissau-19853375.jpeg
Georgetown,Guyana,City, GeorgetownGuyanaCity.jpg
Port-au-Prince,Haiti,City, denis-aguilar-VTjhtpPAtak-unsplash.jpg
Tegucigalpa,Honduras,City,tegucigalpa-honduras-13863262.jpeg
Budapest,Hungary,City,budapest-hungary-33810795.jpeg
Tehran,Iran,City,mohammad-kiaei-4CzZuymG9yg-unsplash.jpg
Baghdad,Iraq,City,baghdad-iraq-3201919.jpeg
Dublin,Ireland,City,dublin-ireland-4603885.jpg
Jerusalem,Israel,City,jerusalem-israel-4592574.jpg
Kingston,Jamaica,City,kingston-jamaica-4093927.jpeg
Amman,Jordan,City,amman-jordan-18682565.jpeg
Astana,Kazakhstan,City,astana-kazakhstan-2475746.jpeg
Nairobi,Kenya,City,nairobi-kenya-2290103.jpg
South Tarawa,Kiribati,City,south-tarawa-kiribati-33824331.jpeg
Kuwait City,Kuwait,City,kuwait-city-kuwait-1598338.jpeg
Bishkek,Kyrgyzstan,City,bishkek-kyrgyzstan-15060472.jpeg
Beirut,Lebanon,City, mohamad-mohsen-B3gTnRayk_0-unsplash.jpg
Maseru,Lesotho,City,maseru-lesotho-28451781.jpeg
Monrovia,Liberia,City,monrovia-liberia-32126038.jpeg
Tripoli,Libya,City,tripoli-libya-27902782.jpeg
Vaduz,Liechtenstein,City,vaduz-liechtenstein-28305371.jpeg
Vilnius,Lithuania,City,vilnius-lithuania-5673217.jpg
Luxembourg,Luxembourg,City,luxembourg-luxembourg-7050261.jpg
Lilongwe,Malawi,City,lilongwe-malawi-32170344.jpeg
Bamako,Mali,City,bamako-mali-17676148.jpeg
Nouakchott,Mauritania,City,nouakchott-mauritania-29652703.jpeg
Port Louis,Mauritius,City,port-louis-mauritius-32515327.jpeg
Mexico City,Mexico,City,mexico-city-mexico-5838206.jpg
Chișinău,Moldova,City,chisinau-moldova-205077.jpeg
Monaco,Monaco,City,monaco-monaco-6145832.jpg
Ulaanbaatar,Mongolia,City,bree-evans-3_II4AdO19Q-unsplash.jpg
Podgorica,Montenegro,City,podgorica-montenegro-8431629.jpeg
Maputo,Mozambique,City,maputo-mozambique-28886687.jpeg
Windhoek,Namibia,City, peinge-nakale-9dM9XfNuRfk-unsplash.jpg
Yaren,Nauru,City,yaren-nauru-32226185.jpeg
Kathmandu,Nepal,City,kathmandu-nepal-2753720.jpg
Amsterdam,Netherlands,City,amsterdam-netherlands-5934192.jpg
Managua,Nicaragua,City, jose-marroquin-J79d6YMgjSg-unsplash.jpg
Niamey,Niger,City,niamey-niger-8236090.jpeg
Abuja,Nigeria,City,abuja-nigeria-33806113.jpeg
Pyongyang,North Korea,City,pyongyang-north-korea-33806307.jpeg
Skopje,North Macedonia,City,skopje-north-macedonia-29987346.jpeg
Muscat,Oman,City,muscat-oman-5581956.jpg
Islamabad,Pakistan,City,islamabad-pakistan-6880581.jpg
Ramallah,Palestine,City,ramallah-palestine-1659293.jpeg
Panama City,Panama,City,panama-city-panama-21054043.jpeg
Port Moresby,Papua New Guinea,City,jorge-luis-duarte-g-dDyaYsqoU-I-unsplash.jpg
Asunción,Paraguay,City,paraguay-city0001.jpg
Warsaw,Poland,City,warsaw-poland-616346.jpg
Doha,Qatar,City,colin-watts-R_sXKrvL9bM-unsplash.jpg
Bucharest,Romania,City,bucharest-romania-1876059.jpg
Moscow,Russia,City,moscow-russia-4548935.jpg
Kigali,Rwanda,City,protais-benjamin-mugenzi-K15V22xU1zs-unsplash.jpg
Basseterre,Saint Kitts and Nevis,City,basseterre-saint-kitts-and-nevis-5844598.jpeg
Castries,Saint Lucia,City,castries-saint-lucia-33790781.jpeg
Kingstown,Saint Vincent and the Grenadines,City,kingstown-saint-vincent-and-the-grenadines-14074713.jpeg
San Marino,San Marino,City,san-marino-san-marino-945651.jpg
São Tomé,Sao Tome and Principe,City,sao-tome-sao-tome-and-principe-803105.jpeg
Riyadh,Saudi Arabia,City,riyadh-saudi-arabia-30320203.png
Dakar,Senegal,City,youva-filali-4fikbYqXBE8-unsplash.jpg
Belgrade,Serbia,City,belgrade-serbia-5686497.jpg
Freetown,Sierra Leone,City,freetown-sierra-leone-3030306.jpeg
Bratislava,Slovakia,City,bratislava-slovakia-7973656.jpg
Ljubljana,Slovenia,City,ljubljana-slovenia-2687885.jpg
Honiara,Solomon Islands,City,honiara-solomon-islands-33804606.jpeg
Mogadishu,Somalia,City,mogadishu-somalia-10897150.jpeg
Pretoria,South Africa,City,Pretoria-South-Africa-0001.jpg
Juba,South Sudan,City,juba-south-sudan-980265.jpeg
Khartoum,Sudan,City,khartoum-sudan-10970368.jpeg
Paramaribo,Suriname,City,paramaribo-suriname-6673095.jpeg
Bern,Switzerland,City,bern-switzerland-2994225.jpg
Damascus,Syria,City,damascus-syria-33684950.jpeg
Taipei,Taiwan,City,taipei-taiwan-665907.jpg
Dushanbe,Tajikistan,City,dushanbe-tajikistan-9376000.jpeg
Dili,Timor-Leste,City,dili-timor-leste-16667044.jpeg
Lomé,Togo,City,onaopemipo-oladipupo-20o-8pav22k-unsplash.jpg
Port of Spain,Trinidad and Tobago,City,port-of-spain-trinidad-and-tobago-4067523.jpeg
Tunis,Tunisia,City,tunis-tunisia-33802298.jpeg
Ashgabat,Turkmenistan,City,ashgabat-turkmenistan-28707997.jpeg
Funafuti,Tuvalu,City,bruce-barrow-rV0nFGJQM2E-unsplash.jpg
Kampala,Uganda,City,Kampala-Uganda-city-0001.jpg
Kyiv,Ukraine,City,kyiv-ukraine-33809916.jpeg
Abu Dhabi,United Arab Emirates,City,abu-dhabi-united-arab-emirates-17219208.jpeg
London,United Kingdom,City,london-united-kingdom-1822381.jpg
Montevideo,Uruguay,City,guillermo-vuljevas-D_GJeAfV1xA-unsplash.jpg
Tashkent,Uzbekistan,City,tashkent-uzbekistan-16386339.jpeg
Vatican City,Vatican City,City,vatican-city-vatican-city-2394560.jpg
Caracas,Venezuela,City,matthias-mullie-F4LHE4PBWEA-unsplash.jpg
Sana'a,Yemen,City,md-jabed-udFkpHvCHPg-unsplash.jpg
Lusaka,Zambia,City,Lusaka-Zambia-001.jpg
Harare,Zimbabwe,City,harare-zimbabwe-13408426.jpeg
Sant Julià de Lòria,Andorra,,sant-julia-de-loria-andorra-mgXHTUREBGQ.jpg
les Escaldes,Andorra,,les-escaldes-andorra-MYywG2oFs8Y.jpg
la Massana,Andorra,,la-massana-andorra-Kc8i_0vpVO0.jpg
Encamp,Andorra,,encamp-andorra-tqzjde66Em8.jpg
Umm Al Quwain City,United Arab Emirates,,umm-al-quwain-city-united-arab-emirates-8_PT-5RO1aE.jpg
Ras Al Khaimah City,United Arab Emirates,,ras-al-khaimah-city-united-arab-emirates-10483826.jpeg
Dubai,United Arab Emirates,,dubai-united-arab-emirates-17219208.jpeg
Sharjah,United Arab Emirates,,sharjah-united-arab-emirates-17219208.jpeg
Al Fujairah City,United Arab Emirates,,al-fujairah-city-united-arab-emirates-3Q17UE2FZM4.jpg
Al Ain City,United Arab Emirates,,al-ain-city-united-arab-emirates-cvmLSUMF7QY.jpg
Ajman City,United Arab Emirates,,ajman-city-united-arab-emirates-8319453.jpeg
Mazār-e Sharīf,Afghanistan,,mazar-e-sharif-afghanistan-18411580.jpeg
Kunduz,Afghanistan,,kunduz-afghanistan-1484776.jpeg
Kandahār,Afghanistan,,kandahar-afghanistan-PU3l-gZByco.jpg
Jalālābād,Afghanistan,,jalalabad-afghanistan-of8DBdO88dI.jpg
Herāt,Afghanistan,,herat-afghanistan-iSMBRAkv830.jpg
Ghazni,Afghanistan,,ghazni-afghanistan-4c98Xkf2mJ8.jpg
Balkh,Afghanistan,,balkh-afghanistan-Idb9xN3YysI.jpg
Saint John’s,Antigua and Barbuda,,saint-johns-antigua-and-barbuda-VC76BB8yFT8.jpg
Korçë,Albania,,korce-albania-HlVQ90oHQpY.jpg
Elbasan,Albania,,elbasan-albania-RjSSnp3H1n0.jpg
Vlorë,Albania,,vlore-albania-e6JQnmKV3dQ.jpg
Shkodër,Albania,,shkoder-albania-RjSSnp3H1n0.jpg
Lushnjë,Albania,,lushnje-albania-e6JQnmKV3dQ.jpg
Durrës,Albania,,durres-albania-9V5qijZ4M1Q.jpg
Berat,Albania,,berat-albania-NJEwfg88v54.jpg
Kapan,Armenia,,kapan-armenia-LfEaiQSDPqQ.jpg
Vagharshapat,Armenia,,vagharshapat-armenia-oqWb_tOK7ns.jpg
Vanadzor,Armenia,,vanadzor-armenia-siZvoVu5n6M.jpg
Hrazdan,Armenia,,hrazdan-armenia-i1x3Ned98do.jpg
Armavir,Armenia,,armavir-armenia-nc1xlFzZcuE.jpg
Gyumri,Armenia,,gyumri-armenia-7dUCvH0QzWM.jpg
Abovyan,Armenia,,abovyan-armenia-ZUrvDjYAVD8.jpg
Malanje,Angola,,malanje-angola-o2qTyGXWYTk.jpg
Cabinda,Angola,,cabinda-angola-jcqeZFCWYZk.jpg
Luena,Angola,,luena-angola-nejReObVk8w.jpg
Lubango,Angola,,lubango-angola-5Lh9MIWNad8.jpg
Cuíto,Angola,,cuito-angola-1SWly6ez-bs.jpg
Huambo,Angola,,huambo-angola-YfGZtmKjh-c.jpg
Benguela,Angola,,benguela-angola-HULCy0VLzFo.jpg
Resistencia,Argentina,,resistencia-argentina-11643462.jpeg
Posadas,Argentina,,posadas-argentina--YGXq9Aixzc.jpg
Mar del Plata,Argentina,,mar-del-plata-argentina-ku5fpJX27bw.jpg
Corrientes,Argentina,,corrientes-argentina-KJgoOAxq9ns.jpg
Santiago del Estero,Argentina,,santiago-del-estero-argentina--f4tBJHGj6Y.jpg
San Salvador de Jujuy,Argentina,,san-salvador-de-jujuy-argentina-69b5fhTrLt4.jpg
San Miguel de Tucumán,Argentina,,san-miguel-de-tucuman-argentina--f4tBJHGj6Y.jpg
Salta,Argentina,,salta-argentina-tneVtUlIVbQ.jpg
Rosario,Argentina,,rosario-argentina-bF5Lj0xB6D4.jpg
Córdoba,Argentina,,cordoba-argentina--f4tBJHGj6Y.jpg
Bahía Blanca,Argentina,,bahia-blanca-argentina-ZkdTnwN5zXY.jpg
Tāfuna,American Samoa,,tafuna-american-samoa-riHlX4RHCmQ.jpg
Nu‘uuli,American Samoa,,nuuuli-american-samoa-riHlX4RHCmQ.jpg
Pago Pago,American Samoa,,pago-pago-american-samoa-riHlX4RHCmQ.jpg
Wiener Neustadt,Austria,,wiener-neustadt-austria--33J_AV2yqw.jpg
Villach,Austria,,villach-austria-9QT35e0e1bE.jpg
Salzburg,Austria,,salzburg-austria-KkyRDWaO4Bw.jpg
Linz,Austria,,linz-austria-L7RbsRIG7DQ.jpg
Klagenfurt am Wörthersee,Austria,,klagenfurt-am-worthersee-austria-sL7T2teaeX4.jpg
Innsbruck,Austria,,innsbruck-austria-976919.jpeg
Graz,Austria,,graz-austria-5GER0iuoMbk.jpg
Newcastle,Australia,,newcastle-australia-10684072.jpeg
Wollongong,Australia,,wollongong-australia-33874229.jpeg
Canberra,Australia,,canberra-australia-16820621.jpeg
Sunshine Coast,Australia,,sunshine-coast-australia-14783799.jpeg
Tanki Leendert,Aruba,,tanki-leendert-aruba-2792043.jpeg
San Nicolas,Aruba,,san-nicolas-aruba-1060803.jpeg
Savaneta,Aruba,,savaneta-aruba-kwVvPgBXga8.jpg
Oranjestad,Aruba,,oranjestad-aruba-F7C7R3Usay8.jpg
Noord,Aruba,,noord-aruba-kwVvPgBXga8.jpg
Ytterby,Aland Islands,,ytterby-aland-islands-Vnp3YZA7QZE.jpg
Mariehamn,Aland Islands,,mariehamn-aland-islands-30207935.jpeg
Naxçıvan,Azerbaijan,,naxcvan-azerbaijan-33852553.jpeg
Lankaran,Azerbaijan,,lankaran-azerbaijan-33891902.jpeg
Yevlakh,Azerbaijan,,yevlakh-azerbaijan-32418796.jpeg
Tovuz,Azerbaijan,,tovuz-azerbaijan-our1UWhCMKk.jpg
Sumqayıt,Azerbaijan,,sumqayt-azerbaijan-17857195.jpeg
Mingelchaur,Azerbaijan,,mingelchaur-azerbaijan-33851415.jpeg
Ganja,Azerbaijan,,ganja-azerbaijan-33891902.jpeg
Zenica,Bosnia and Herzegovina,,zenica-bosnia-and-herzegovina-3758414.jpeg
Tuzla,Bosnia and Herzegovina,,tuzla-bosnia-and-herzegovina-691032.jpeg
Prijedor,Bosnia and Herzegovina,,prijedor-bosnia-and-herzegovina-fZUI5TCQpRU.jpg
Mostar,Bosnia and Herzegovina,,mostar-bosnia-and-herzegovina-33660894.jpeg
Brčko,Bosnia and Herzegovina,,brcko-bosnia-and-herzegovina-33660894.jpeg
Bijeljina,Bosnia and Herzegovina,,bijeljina-bosnia-and-herzegovina-33501068.jpeg
Banja Luka,Bosnia and Herzegovina,,banja-luka-bosnia-and-herzegovina-fFaaOIaHTMo.jpg
Sylhet,Bangladesh,,sylhet-bangladesh-1633318.jpeg
Rajshahi,Bangladesh,,rajshahi-bangladesh-33848674.jpeg
Rangpur,Bangladesh,,rangpur-bangladesh-33924553.jpeg
Bagerhat,Bangladesh,,bagerhat-bangladesh-16503171.jpeg
Gazipur,Bangladesh,,gazipur-bangladesh-FnUnrgdhcPQ.jpg
Chattogram,Bangladesh,,chattogram-bangladesh-FnUnrgdhcPQ.jpg
Khulna,Bangladesh,,khulna-bangladesh-US0M3eNmYtQ.jpg
Turnhout,Belgium,,turnhout-belgium-PPMyoUAoxA4.jpg
Tournai,Belgium,,tournai-belgium-NzNgJZHKGsY.jpg
Sint-Niklaas,Belgium,,sint-niklaas-belgium-11160304.jpeg
Schaerbeek,Belgium,,schaerbeek-belgium-31075163.jpeg
Oudenaarde,Belgium,,oudenaarde-belgium-33890142.jpeg
Ostend,Belgium,,ostend-belgium-1278979.jpeg
Namur,Belgium,,namur-belgium-9N95za9gP0E.jpg
Mouscron,Belgium,,mouscron-belgium-33890139.jpeg
Ieper,Belgium,,ieper-belgium-14572630.jpeg
Dendermonde,Belgium,,dendermonde-belgium-32859649.jpeg
Anderlecht,Belgium,,anderlecht-belgium-33890142.jpeg
Saaba,Burkina Faso,,saaba-burkina-faso-32981289.jpeg
Ouahigouya,Burkina Faso,,ouahigouya-burkina-faso-h781CadBmuQ.jpg
Koudougou,Burkina Faso,,koudougou-burkina-faso--v4fChXi6f4.jpg
Kaya,Burkina Faso,,kaya-burkina-faso-zmN0DDbsNGo.jpg
Fada N'gourma,Burkina Faso,,fada-ngourma-burkina-faso--v4fChXi6f4.jpg
Bobo-Dioulasso,Burkina Faso,,bobo-dioulasso-burkina-faso-JQdfLUrSIwk.jpg
Banfora,Burkina Faso,,banfora-burkina-faso-15657255.jpeg
Varna,Bulgaria,,varna-bulgaria-33691143.jpeg
Dobrich,Bulgaria,,dobrich-bulgaria-5249588.jpeg
Stara Zagora,Bulgaria,,stara-zagora-bulgaria-29536552.jpeg
Ruse,Bulgaria,,ruse-bulgaria-14525792.jpeg
Plovdiv,Bulgaria,,plovdiv-bulgaria-14469884.jpeg
Pleven,Bulgaria,,pleven-bulgaria-225203.jpeg
Burgas,Bulgaria,,burgas-bulgaria-12445238.jpeg
Madīnat Ḩamad,Bahrain,,madinat-hamad-bahrain-14981075.jpeg
Dār Kulayb,Bahrain,,dar-kulayb-bahrain-6658661.jpeg
Al Muharraq,Bahrain,,al-muharraq-bahrain-6658660.jpeg
Ar Rifā‘,Bahrain,,ar-rifa-bahrain-1438830.jpeg
Rumonge,Burundi,,rumonge-burundi-18807623.jpeg
Bujumbura,Burundi,,bujumbura-burundi-10823274.jpeg
Bubanza,Burundi,,bubanza-burundi-12562544.jpeg
Ngozi,Burundi,,ngozi-burundi-1102570.jpeg
Parakou,Benin,,parakou-benin-13279686.jpeg
Natitingou,Benin,,natitingou-benin-25703718.jpeg
Malanville,Benin,,malanville-benin-25703718.jpeg
Kandi,Benin,,kandi-benin-25703718.jpeg
Djougou,Benin,,djougou-benin-31238851.jpeg
Bohicon,Benin,,bohicon-benin-31343343.jpeg
Abomey,Benin,,abomey-benin-25703722.jpeg
Gustavia,Saint Barthelemy,,gustavia-saint-barthelemy-33892232.jpeg
Pembroke Parish,Bermuda,,pembroke-parish-bermuda-6029549.jpeg
Devonshire Parish,Bermuda,,devonshire-parish-bermuda-6029549.jpeg
St George's Parish,Bermuda,,st-georges-parish-bermuda-32873663.jpeg
Warwick Parish,Bermuda,,warwick-parish-bermuda-30790395.png
Sandys Parish,Bermuda,,sandys-parish-bermuda-7910125.jpeg
Tutong,Brunei,,tutong-brunei-32151384.jpeg
Seria,Brunei,,seria-brunei-32151384.jpeg
Kuala Belait,Brunei,,kuala-belait-brunei-32151384.jpeg
Sengkurong,Brunei,,sengkurong-brunei-32151384.jpeg
Trinidad,Bolivia,,trinidad-bolivia-33940536.jpeg
Tarija,Bolivia,,tarija-bolivia-15941637.jpeg
Sucre,Bolivia,,sucre-bolivia-7051845.jpeg
Santa Cruz de la Sierra,Bolivia,,santa-cruz-de-la-sierra-bolivia-jc2xrKLX80g.jpg
Potosí,Bolivia,,potosi-bolivia-2613110.jpeg
Oruro,Bolivia,,oruro-bolivia-C9v6wrKxZZ4.jpg
Cochabamba,Bolivia,,cochabamba-bolivia-DR0SBTzDTds.jpg
Kralendijk,"Bonaire, Saint Eustatius and Saba",kralendijk-bonaire-GcQlAZs6-Zw.jpg
Recife,Brazil,,recife-brazil-ztQJni_oQgM.jpg
Fortaleza,Brazil,,fortaleza-brazil-5770182.jpeg
Belém,Brazil,,belem-brazil-2013809.jpeg
Salvador,Brazil,,salvador-brazil-_49tORmSrb0.jpg
Porto Alegre,Brazil,,porto-alegre-brazil-HuHERVTxdY4.jpg
Goiânia,Brazil,,goiania-brazil-wOdAd1Az2IU.jpg
Curitiba,Brazil,,curitiba-brazil-VAI0FcTuuoc.jpg
Brasília,Brazil,,brasilia-brazil-W9oK5eNR9B8.jpg
Belo Horizonte,Brazil,,belo-horizonte-brazil-g3_mQkRLvEk.jpg
Manaus,Brazil,,manaus-brazil-17291234.jpeg
West End,Bahamas,,west-end-bahamas-EQW8bz4P2dk.jpg
San Andros,Bahamas,,san-andros-bahamas-20021457.jpeg
George Town,Bahamas,,george-town-bahamas-GPqQxthlT2k.jpg
Freeport,Bahamas,,freeport-bahamas-19516058.jpeg
Punākha,Bhutan,,punakha-bhutan-5011717.jpeg
Paro,Bhutan,,paro-bhutan-4gRMSNdZT8k.jpg
Tsirang,Bhutan,,tsirang-bhutan-910368.jpeg
Pemagatshel,Bhutan,,pemagatshel-bhutan-0LX1KSJ9uhs.jpg
Serowe,Botswana,,serowe-botswana-11760864.jpeg
Molepolole,Botswana,,molepolole-botswana-30413992.jpeg
Mochudi,Botswana,,mochudi-botswana-26729494.jpeg
Maun,Botswana,,maun-botswana-6SlIB057YQs.jpg
Kanye,Botswana,,kanye-botswana-6SlIB057YQs.jpg
Ghanzi,Botswana,,ghanzi-botswana-uMJbf6cV8JE.jpg
Francistown,Botswana,,francistown-botswana-pemDb8kBVpk.jpg
Vitebsk,Belarus,,vitebsk-belarus-D3SZtqz7Pec.jpg
Mahilyow,Belarus,,mahilyow-belarus-FCNfHeN4FaY.jpg
Hrodna,Belarus,,hrodna-belarus-4354600.jpeg
Homyel',Belarus,,homyel-belarus-Xjd7qY5913M.jpg
Brest,Belarus,,brest-belarus-33695307.jpeg
Baranovichi,Belarus,,baranovichi-belarus-33930105.jpeg
Bobruysk,Belarus,,bobruysk-belarus-c1F-wUoouJY.jpg
Orange Walk,Belize,,orange-walk-belize-P1ayob-n-hM.jpg
Dangriga,Belize,,dangriga-belize-4fUEio4AsG0.jpg
Corozal,Belize,,corozal-belize-aiYBkjeN5Cg.jpg
Belize City,Belize,,belize-city-belize-klBWwcSa6vk.jpg
Burnaby,Canada,,burnaby-canada-KBhz7Jz7Uz8.jpg
Edmonton,Canada,,edmonton-canada-hxrrFvsIOfg.jpg
Kitchener,Canada,,kitchener-canada-OYV_-vMBKYI.jpg
Longueuil,Canada,,longueuil-canada-nFJjI86cH6g.jpg
Montréal,Canada,,montreal-canada-nqEzxBB89iA.jpg
Ottawa,Canada,,ottawa-canada-1O8rTfrr4YY.jpg
Regina,Canada,,regina-canada-S_fgyOxrrPM.jpg
Toronto,Canada,,toronto-canada-2811005.jpg
Winnipeg,Canada,,winnipeg-canada-hxrrFvsIOfg.jpg
Halifax,Canada,,halifax-canada-6981245.jpeg
Québec,Canada,,quebec-canada-33940637.jpeg
Tshikapa,Democratic Republic of the Congo,,tshikapa-democratic-republic-of-the-congo-32437728.jpeg
Mbuji-Mayi,Democratic Republic of the Congo,,mbuji-mayi-democratic-republic-of-the-congo-32437728.jpeg
Kisangani,Democratic Republic of the Congo,,kisangani-democratic-republic-of-the-congo-32437728.jpeg
Kananga,Democratic Republic of the Congo,,kananga-democratic-republic-of-the-congo-15434151.jpeg
Bukavu,Democratic Republic of the Congo,,bukavu-democratic-republic-of-the-congo-30184931.jpeg
Lubumbashi,Democratic Republic of the Congo,,lubumbashi-democratic-republic-of-the-congo-32437728.jpeg
Kolwezi,Democratic Republic of the Congo,,kolwezi-democratic-republic-of-the-congo-6899154.jpeg
Bangassou,Central African Republic,,bangassou-central-african-republic-30648305.jpeg
Bambari,Central African Republic,,bambari-central-african-republic-3522700.jpeg
Carnot,Central African Republic,,carnot-central-african-republic-3522700.jpeg
Bouar,Central African Republic,,bouar-central-african-republic-3522700.jpeg
Bossangoa,Central African Republic,,bossangoa-central-african-republic-3522700.jpeg
Bimbo,Central African Republic,,bimbo-central-african-republic-3522700.jpeg
Berbérati,Central African Republic,,berberati-central-african-republic-3522700.jpeg
Sibiti,Republic of the Congo,,sibiti-republic-of-the-congo-19756848.jpeg
Pointe-Noire,Republic of the Congo,,pointe-noire-republic-of-the-congo-19756848.jpeg
Owando,Republic of the Congo,,owando-republic-of-the-congo-19756848.jpeg
Ouésso,Republic of the Congo,,ouesso-republic-of-the-congo-19756848.jpeg
Dolisie,Republic of the Congo,,dolisie-republic-of-the-congo-19756848.jpeg
Impfondo,Republic of the Congo,,impfondo-republic-of-the-congo-19756848.jpeg
Nkayi,Republic of the Congo,,nkayi-republic-of-the-congo-19756848.jpeg
Zürich,Switzerland,,zurich-switzerland-8537322.jpeg
Winterthur,Switzerland,,winterthur-switzerland-25906437.jpeg
Thun,Switzerland,,thun-switzerland-2779863.jpeg
Schaffhausen,Switzerland,,schaffhausen-switzerland-33598083.jpeg
Sankt Gallen,Switzerland,,sankt-gallen-switzerland-33749112.jpeg
Luzern,Switzerland,,luzern-switzerland-28448929.jpeg
Lugano,Switzerland,,lugano-switzerland-1105840.jpeg
Lausanne,Switzerland,,lausanne-switzerland-16550561.jpeg
Genève,Switzerland,,geneve-switzerland-33304140.jpeg
Biel/Bienne,Switzerland,,bielbienne-switzerland-33848208.jpeg
Basel,Switzerland,,basel-switzerland-31716224.jpeg
Yamoussoukro,Ivory Coast,,yamoussoukro-ivory-coast-6322447.jpeg
San-Pédro,Ivory Coast,,san-pedro-ivory-coast-8319481.jpeg
Man,Ivory Coast,,man-ivory-coast-33936799.jpeg
Korhogo,Ivory Coast,,korhogo-ivory-coast-33938273.jpeg
Grand-Bassam,Ivory Coast,,grand-bassam-ivory-coast-7381830.jpeg
Gagnoa,Ivory Coast,,gagnoa-ivory-coast-7381961.jpeg
Divo,Ivory Coast,,divo-ivory-coast-7381961.jpeg
Daloa,Ivory Coast,,daloa-ivory-coast-7381961.jpeg
Bouaké,Ivory Coast,,bouake-ivory-coast-7381961.jpeg
Bondoukou,Ivory Coast,,bondoukou-ivory-coast-p_FYPXXCoQg.jpg
Abidjan,Ivory Coast,,abidjan-ivory-coast-30905966.jpeg
Abengourou,Ivory Coast,,abengourou-ivory-coast-7381961.jpeg
Avarua,Cook Islands,,avarua-cook-islands-17498303.jpeg
Valparaíso,Chile,,valparaiso-chile-33111971.jpeg
Temuco,Chile,,temuco-chile-33606709.jpeg
Puerto Montt,Chile,,puerto-montt-chile-14925857.jpeg
Puente Alto,Chile,,puente-alto-chile-10241260.jpeg
Concepción,Chile,,concepcion-chile-15593016.jpeg
Arica,Chile,,arica-chile-33432899.jpeg
Antofagasta,Chile,,antofagasta-chile-30478407.jpeg
Ngaoundéré,Cameroon,,ngaoundere-cameroon-17290985.jpeg
Maroua,Cameroon,,maroua-cameroon-xKPkKkreVK0.jpg
Douala,Cameroon,,douala-cameroon-15553579.jpeg
Buea,Cameroon,,buea-cameroon-17290985.jpeg
Bertoua,Cameroon,,bertoua-cameroon-17290985.jpeg
Bamenda,Cameroon,,bamenda-cameroon-17290985.jpeg
Bafoussam,Cameroon,,bafoussam-cameroon-17290985.jpeg
Wuhan,China,,wuhan-china-2310907.jpeg
Tianjin,China,,tianjin-china-30516575.jpeg
Shenzhen,China,,shenzhen-china-31233588.jpeg
Nanjing,China,,nanjing-china-33921377.jpeg
Hangzhou,China,,hangzhou-china-948417.jpeg
Guangzhou,China,,guangzhou-china-1069765.jpeg
Dongguan,China,,dongguan-china-31507207.jpeg
Chongqing,China,,chongqing-china-32709739.jpeg
Valledupar,Colombia,,valledupar-colombia-13558743.jpeg
Santa Marta,Colombia,,santa-marta-colombia-1559699.jpeg
Medellín,Colombia,,medellin-colombia-78era41MX_U.jpg
Manizales,Colombia,,manizales-colombia-14427388.jpeg
Ibagué,Colombia,,ibague-colombia-rcKbamueIWw.jpg
Cúcuta,Colombia,,cucuta-colombia-Hs8-GEiF4ls.jpg
Cali,Colombia,,cali-colombia-15862026.jpeg
Bucaramanga,Colombia,,bucaramanga-colombia-27902989.jpeg
Bogotá,Colombia,,bogota-colombia-8264573.jpeg
Bello,Colombia,,bello-colombia-32133261.jpeg
Barranquilla,Colombia,,barranquilla-colombia-13808425.jpeg
San Isidro,Costa Rica,,san-isidro-costa-rica-15497492.jpeg
Puntarenas,Costa Rica,,puntarenas-costa-rica-2024510.jpeg
Limón,Costa Rica,,limon-costa-rica-28184025.jpeg
Liberia,Costa Rica,,liberia-costa-rica-18162392.jpeg
Heredia,Costa Rica,,heredia-costa-rica-2263807.jpeg
Cartago,Costa Rica,,cartago-costa-rica-284146.jpeg
Alajuela,Costa Rica,,alajuela-costa-rica-2024534.jpeg
Santiago de Cuba,Cuba,,santiago-de-cuba-cuba-11525805.jpeg
Santa Clara,Cuba,,santa-clara-cuba-11653841.jpeg
Las Tunas,Cuba,,las-tunas-cuba-9482126.jpeg
Holguín,Cuba,,holguin-cuba-6276656.jpeg
Guantánamo,Cuba,,guantanamo-cuba-1637112.jpeg
Cienfuegos,Cuba,,cienfuegos-cuba-11496238.jpeg
Camagüey,Cuba,,camaguey-cuba-720224.jpeg
São Filipe,Cabo Verde,,sao-filipe-cabo-verde-20534926.jpeg
Mindelo,Cabo Verde,,mindelo-cabo-verde-13636689.jpeg
Assomada,Cabo Verde,,assomada-cabo-verde-3648269.jpeg
Espargos,Cabo Verde,,espargos-cabo-verde-3648269.jpeg
Willemstad,Curacao,,willemstad-curacao-16215570.jpeg
Sint Michiel Liber,Curacao,,sint-michiel-liber-curacao-13158116.jpeg
Santa Rosa,Curacao,,santa-rosa-curacao-UotOq7E5UKc.jpg
Bandariba,Curacao,,bandariba-curacao-erKKEmRLuV0.jpg
Bandabou,Curacao,,bandabou-curacao-947.jpg
Stróvolos,Cyprus,,strovolos-cyprus-10067452.jpeg
Larnaca,Cyprus,,larnaca-cyprus-8332983.jpeg
Kyrenia,Cyprus,,kyrenia-cyprus-290113.jpeg
Káto Lakatámeia,Cyprus,,kato-lakatameia-cyprus-8332874.jpeg
Famagusta,Cyprus,,famagusta-cyprus-10067452.jpeg
Zlín,Czechia,,zlin-czechia-28868672.jpeg
Ústí nad Labem,Czechia,,usti-nad-labem-czechia-15513903.jpeg
Pilsen,Czechia,,pilsen-czechia-15234759.jpeg
Pardubice,Czechia,,pardubice-czechia-442583.jpeg
Ostrava,Czechia,,ostrava-czechia-1209290.jpeg
Olomouc,Czechia,,olomouc-czechia-31958543.jpeg
Liberec,Czechia,,liberec-czechia-3829757.jpeg
Hradec Králové,Czechia,,hradec-kralove-czechia-3171865.jpeg
Havířov,Czechia,,havirov-czechia-2082104.jpeg
České Budějovice,Czechia,,ceske-budejovice-czechia-753337.jpeg
Brno,Czechia,,brno-czechia-566862.jpeg
Stuttgart,Germany,,stuttgart-germany-18903408.jpeg
Nürnberg,Germany,,nurnberg-germany-9076767.jpeg
Munich,Germany,,munich-germany-2127030.jpeg
Leipzig,Germany,,leipzig-germany-878151.jpeg
Köln,Germany,,koln-germany-33927852.jpeg
Hannover,Germany,,hannover-germany-1193895.jpeg
Hamburg,Germany,,hamburg-germany-33910462.jpeg
Frankfurt am Main,Germany,,frankfurt-am-main-germany-12323353.jpeg
Essen,Germany,,essen-germany-93108.jpeg
Düsseldorf,Germany,,dusseldorf-germany-6020062.jpeg
Dresden,Germany,,dresden-germany-25347410.jpeg
Tadjoura,Djibouti,,tadjoura-djibouti-4154222.jpeg
Obock,Djibouti,,obock-djibouti-4154219.jpeg
Dikhil,Djibouti,,dikhil-djibouti-4154219.jpeg
Ali Sabih,Djibouti,,ali-sabih-djibouti-6053899.jpeg
Randers,Denmark,,randers-denmark-vmL7wf83PSY.jpg
Odense,Denmark,,odense-denmark-dHT8VFYunJo.jpg
Copenhagen,Denmark,,copenhagen-denmark-3ViD1P29LH0.jpg
Kolding,Denmark,,kolding-denmark-f16XJbggK9I.jpg
Frederiksberg,Denmark,,frederiksberg-denmark-9YdxXRIHZVw.jpg
Esbjerg,Denmark,,esbjerg-denmark-vmL7wf83PSY.jpg
Århus,Denmark,,arhus-denmark-MmX0IfDLHNw.jpg
Aalborg,Denmark,,aalborg-denmark-mYCePRBunKE.jpg
Santiago de los Caballeros,Dominican Republic,,santiago-de-los-caballeros-dominican-republic-lVgarCVYlDQ.jpg
San Pedro de Macorís,Dominican Republic,,san-pedro-de-macoris-dominican-republic-IpJYDc7Mzg0.jpg
Puerto Plata,Dominican Republic,,puerto-plata-dominican-republic-69b5fhTrLt4.jpg
La Romana,Dominican Republic,,la-romana-dominican-republic-56daW0dTntM.jpg
La Vega,Dominican Republic,,la-vega-dominican-republic-I_i42vRsPW0.jpg
San Cristóbal,Dominican Republic,,san-cristobal-dominican-republic-I_i42vRsPW0.jpg
Santo Domingo Este,Dominican Republic,,santo-domingo-este-dominican-republic-56daW0dTntM.jpg
Skikda,Algeria,,skikda-algeria-se9-Axh8t2Y.jpg
Sidi Bel Abbes,Algeria,,sidi-bel-abbes-algeria-jKJc3_2_h8w.jpg
Sétif,Algeria,,setif-algeria-GLsrqTRL4Ew.jpg
Oran,Algeria,,oran-algeria-xlIwIX11NUE.jpg
Chlef,Algeria,,chlef-algeria-_YdEw-K9XRU.jpg
Djelfa,Algeria,,djelfa-algeria-G3xNZ1AyTdk.jpg
Constantine,Algeria,,constantine-algeria-MOBdbnBQZM4.jpg
Blida,Algeria,,blida-algeria-pBYkX7uJd4s.jpg
Biskra,Algeria,,biskra-algeria-YL6ftPKcpl0.jpg
Batna City,Algeria,,batna-city-algeria-qhnT8RKOxaI.jpg
Annaba,Algeria,,annaba-algeria-88_hfUbp4g0.jpg
Santo Domingo de los Colorados,Ecuador,,santo-domingo-de-los-colorados-ecuador-MoqocRTUL2w.jpg
Riobamba,Ecuador,,riobamba-ecuador-C9v6wrKxZZ4.jpg
Portoviejo,Ecuador,,portoviejo-ecuador-lVgarCVYlDQ.jpg
Machala,Ecuador,,machala-ecuador-lVgarCVYlDQ.jpg
Guayaquil,Ecuador,,guayaquil-ecuador-lVgarCVYlDQ.jpg
Cuenca,Ecuador,,cuenca-ecuador-KLD7xNTmV9I.jpg
Ambato,Ecuador,,ambato-ecuador-lVgarCVYlDQ.jpg
Viljandi,Estonia,,viljandi-estonia-WPlXtWmi2ec.jpg
Tartu,Estonia,,tartu-estonia-9e0XBPSskIs.jpg
Pärnu,Estonia,,parnu-estonia-ajXqGVWndPk.jpg
Narva,Estonia,,narva-estonia-9e0XBPSskIs.jpg
Shubrā al Khaymah,Egypt,,shubra-al-khaymah-egypt-YY9_yyBD-UU.jpg
Port Said,Egypt,,port-said-egypt-RY8LQRXAlFI.jpg
Suez,Egypt,,suez-egypt-5W-KwRBfUoQ.jpg
Al Mansurah,Egypt,,al-mansurah-egypt-4gxF_jKY254.jpg
Giza,Egypt,,giza-egypt-4gxF_jKY254.jpg
Alexandria,Egypt,,alexandria-egypt-BiyR1kDQpoE.jpg
Al Fayyum,Egypt,,al-fayyum-egypt-aGwBtbncMWo.jpg
Tichla,Western Sahara,,tichla-western-sahara-5504557.jpeg
Laayoune Plage,Western Sahara,,laayoune-plage-western-sahara-FCZXYOlDGMo.jpg
Laayoune,Western Sahara,,laayoune-western-sahara-eB5F8MEvLbU.jpg
Boujdour,Western Sahara,,boujdour-western-sahara-_C4dbbhysqI.jpg
Dakhla,Western Sahara,,dakhla-western-sahara-VSzadKy42lg.jpg
Massawa,Eritrea,,massawa-eritrea-qOhQyl6iddk.jpg
Keren,Eritrea,,keren-eritrea-Y_XMj5NENPo.jpg
Assab,Eritrea,,assab-eritrea-615L-A-FE3g.jpg
Mendefera,Eritrea,,mendefera-eritrea-Y9Xf0wYiY7U.jpg
Sevilla,Spain,,sevilla-spain-ZkOD-VZH2ec.jpg
Palma,Spain,,palma-spain-cK2afN3x1Aw.jpg
Murcia,Spain,,murcia-spain-cK2afN3x1Aw.jpg
Málaga,Spain,,malaga-spain-3nPNaGdxDrk.jpg
Alicante,Spain,,alicante-spain-cK2afN3x1Aw.jpg
Zaragoza,Spain,,zaragoza-spain-_vLUCVQrLYg.jpg
Valladolid,Spain,,valladolid-spain-Syly7gxt5P8.jpg
Mek'ele,Ethiopia,,mekele-ethiopia-nlXwGqi0MOs.jpg
Jijiga,Ethiopia,,jijiga-ethiopia-bpQgOnoHCAM.jpg
Hosa’ina,Ethiopia,,hosaina-ethiopia-LDZJulRmVtc.jpg
Harar,Ethiopia,,harar-ethiopia-nlXwGqi0MOs.jpg
Dire Dawa,Ethiopia,,dire-dawa-ethiopia-zmN0DDbsNGo.jpg
Bahir Dar,Ethiopia,,bahir-dar-ethiopia-x6_LmpF0ZUU.jpg
Awasa,Ethiopia,,awasa-ethiopia-gzL2n7jKVFM.jpg
Vantaa,Finland,,vantaa-finland-KA2wsO_3gDw.jpg
Turku,Finland,,turku-finland-11747531.jpeg
Tampere,Finland,,tampere-finland-5LFAYHEN8_k.jpg
Pori,Finland,,pori-finland-8pVdIZMOqUQ.jpg
Oulu,Finland,,oulu-finland-vsC8gZy9ZFk.jpg
Lappeenranta,Finland,,lappeenranta-finland-UKCn29odCDQ.jpg
Lahti,Finland,,lahti-finland-UKCn29odCDQ.jpg
Kuopio,Finland,,kuopio-finland-OZjFUYs_Xjk.jpg
Jyväskylä,Finland,,jyvaskyla-finland-udVy6LCbznc.jpg
Joensuu,Finland,,joensuu-finland-13341604.jpeg
Espoo,Finland,,espoo-finland-19896879.jpeg
Levuka,Fiji,,levuka-fiji-4784462.jpeg
Lautoka,Fiji,,lautoka-fiji-1752461.jpeg
Labasa,Fiji,,labasa-fiji-33715462.jpeg
Ba,Fiji,,ba-fiji-26088004.jpeg
Weno,Micronesia,,weno-micronesia-26926255.jpeg
Tofol,Micronesia,,tofol-micronesia-CTLGSQfOcu0.jpg
Palikir,Micronesia,,palikir-micronesia-26926255.jpeg
Kolonia,Micronesia,,kolonia-micronesia-13992095.jpeg
Colonia,Micronesia,,colonia-micronesia-18335865.jpeg
Tórshavn,Faroe Islands,,torshavn-faroe-islands-32315717.jpeg
Klaksvík,Faroe Islands,,klaksvik-faroe-islands-5143662.jpeg
Toulouse,France,,toulouse-france-674834.jpeg
Rouen,France,,rouen-france-7245198.jpeg
Rennes,France,,rennes-france-18375170.jpeg
Nantes,France,,nantes-france-3984915.jpeg
Montpellier,France,,montpellier-france-G5lJG7GnnMs.jpg
Lille,France,,lille-france-2464435.jpeg
Port-Gentil,Gabon,,port-gentil-gabon-33927641.jpeg
Oyem,Gabon,,oyem-gabon-LEKETo_qt_k.jpg
Lambaréné,Gabon,,lambarene-gabon-7Coo7BwvxmQ.jpg
Franceville,Gabon,,franceville-gabon-9NmoYIclg_I.jpg
Swansea,United Kingdom,,swansea-united-kingdom-16009515.jpeg
Newport,United Kingdom,,newport-united-kingdom-16009515.jpeg
Manchester,United Kingdom,,manchester-united-kingdom-388278.jpeg
Derry,United Kingdom,,derry-united-kingdom-2881410.jpeg
Lisburn,United Kingdom,,lisburn-united-kingdom-16009515.jpeg
Glasgow,United Kingdom,,glasgow-united-kingdom-3035106.jpeg
Edinburgh,United Kingdom,,edinburgh-united-kingdom-2957060.jpeg
Cardiff,United Kingdom,,cardiff-united-kingdom-16009515.jpeg
Birmingham,United Kingdom,,birmingham-united-kingdom-9450533.jpeg
Belfast,United Kingdom,,belfast-united-kingdom-33404186.jpeg
Aberdeen,United Kingdom,,aberdeen-united-kingdom-16009515.jpeg
Saint George's,Grenada,,saint-georges-grenada-12145125.jpeg
Zugdidi,Georgia,,zugdidi-georgia-pYNEQSBgwJQ.jpg
Sokhumi,Georgia,,sokhumi-georgia-28380460.jpeg
Rustavi,Georgia,,rustavi-georgia-31800111.jpeg
Kutaisi,Georgia,,kutaisi-georgia-2990775.jpeg
Khashuri,Georgia,,khashuri-georgia-tjLfohJ7xcw.jpg
Gori,Georgia,,gori-georgia-33877787.jpeg
Batumi,Georgia,,batumi-georgia-14518602.jpeg
Saint-Laurent-du-Maroni,French Guiana,,saint-laurent-du-maroni-french-guiana-2309272.jpeg
Matoury,French Guiana,,matoury-french-guiana-33935423.jpeg
Maripasoula,French Guiana,,maripasoula-french-guiana-33935421.jpeg
Kourou,French Guiana,,kourou-french-guiana-33935421.jpeg
Cayenne,French Guiana,,cayenne-french-guiana-33935425.jpeg
Saint Sampson,Guernsey,,saint-sampson-guernsey-5273432.jpeg
Saint Peter Port,Guernsey,,saint-peter-port-guernsey-6057659.jpeg
Tamale,Ghana,,tamale-ghana-1SWly6ez-bs.jpg
Sekondi-Takoradi,Ghana,,sekondi-takoradi-ghana-19129343.jpeg
Kumasi,Ghana,,kumasi-ghana-DxjPt5-o_qc.jpg
Koforidua,Ghana,,koforidua-ghana-xKPkKkreVK0.jpg
Ho,Ghana,,ho-ghana-tfQRkT8GMIQ.jpg
Cape Coast,Ghana,,cape-coast-ghana-33658298.jpeg
Sekondi,Ghana,,sekondi-ghana-19129343.jpeg
Gibraltar,Gibraltar,,gibraltar-gibraltar-32437893.jpeg
Sisimiut,Greenland,,sisimiut-greenland-29853932.jpeg
Nuuk,Greenland,,nuuk-greenland-13399650.jpeg
Sukuta,Gambia,,sukuta-gambia-32839807.jpeg
Serekunda,Gambia,,serekunda-gambia-32839807.jpeg
Kerewan,Gambia,,kerewan-gambia-32839807.jpeg
Farafenni,Gambia,,farafenni-gambia-32839807.jpeg
Brikama,Gambia,,brikama-gambia-32882940.jpeg
Basse Santa Su,Gambia,,basse-santa-su-gambia-_wqjX4MauzA.jpg
Bakau,Gambia,,bakau-gambia-32839807.jpeg
Siguiri,Guinea,,siguiri-guinea-PfH1x7FsJMk.jpg
Nzérékoré,Guinea,,nzerekore-guinea-tfQRkT8GMIQ.jpg
Labé,Guinea,,labe-guinea-h781CadBmuQ.jpg
Kissidougou,Guinea,,kissidougou-guinea-xKPkKkreVK0.jpg
Kindia,Guinea,,kindia-guinea-AeXxHuozYA8.jpg
Kankan,Guinea,,kankan-guinea-opjJxtIX4ms.jpg
Dubréka,Guinea,,dubreka-guinea-PfH1x7FsJMk.jpg
Pointe-à-Pitre,Guadeloupe,,pointe-a-pitre-guadeloupe-VfekmN6fjxw.jpg
Les Abymes,Guadeloupe,,les-abymes-guadeloupe-iBjow4JiQpU.jpg
Le Gosier,Guadeloupe,,le-gosier-guadeloupe-g05z4uuh1FM.jpg
Basse-Terre,Guadeloupe,,basse-terre-guadeloupe-pu6xvecVfKM.jpg
Baie-Mahault,Guadeloupe,,baie-mahault-guadeloupe-RHkMvtJDJ6M.jpg
Evinayong,Equatorial Guinea,,evinayong-equatorial-guinea-tfQRkT8GMIQ.jpg
Ebebiyin,Equatorial Guinea,,ebebiyin-equatorial-guinea-PbTtcryoAmI.jpg
Luba,Equatorial Guinea,,luba-equatorial-guinea-O0YmMPG56KI.jpg
Bata,Equatorial Guinea,,bata-equatorial-guinea-4319886.jpeg
Volos,Greece,,volos-greece-5333372.jpeg
Piraeus,Greece,,piraeus-greece-13233763.jpeg
Peristéri,Greece,,peristeri-greece-33934759.jpeg
Pátra,Greece,,patra-greece-445363.jpeg
Lárisa,Greece,,larisa-greece-1012726.jpeg
Irákleion,Greece,,irakleion-greece-34010325.jpeg
Thessaloníki,Greece,,thessaloniki-greece-33979600.jpeg
Villa Nueva,Guatemala,,villa-nueva-guatemala-34001298.jpeg
Quetzaltenango,Guatemala,,quetzaltenango-guatemala-728854.jpeg
Mixco,Guatemala,,mixco-guatemala-317271.jpeg
Jalapa,Guatemala,,jalapa-guatemala-30993837.jpeg
Escuintla,Guatemala,,escuintla-guatemala-15590973.jpeg
Cobán,Guatemala,,coban-guatemala-11230446.jpeg
Chichicastenango,Guatemala,,chichicastenango-guatemala-27779107.jpeg
Tamuning-Tumon-Harmon Village,Guam,,tamuning-tumon-harmon-village-guam-6715536.jpeg
Yigo Village,Guam,,yigo-village-guam-34015611.jpeg
Barrigada Village,Guam,,barrigada-village-guam-34013393.jpeg
Dededo Village,Guam,,dededo-village-guam-34013393.jpeg
Mangilao Village,Guam,,mangilao-village-guam-34013393.jpeg
Gabú,Guinea-Bissau,,gabu-guinea-bissau-29917031.jpeg
Catió,Guinea-Bissau,,catio-guinea-bissau-32135579.jpeg
Bolama,Guinea-Bissau,,bolama-guinea-bissau-19853375.jpeg
Bafatá,Guinea-Bissau,,bafata-guinea-bissau-19853375.jpeg
New Amsterdam,Guyana,,new-amsterdam-guyana-30035496.jpeg
Linden,Guyana,,linden-guyana-1080393.jpeg
Bartica,Guyana,,bartica-guyana-27701079.jpeg
Anna Regina,Guyana,,anna-regina-guyana-9845128.jpeg
Tsuen Wan,Hong Kong,,tsuen-wan-hong-kong-6559949.jpeg
Yuen Long,Hong Kong,,yuen-long-hong-kong-441379.jpeg
Wong Tai Sin,Hong Kong,,wong-tai-sin-hong-kong-2121490.jpeg
Wan Chai,Hong Kong,,wan-chai-hong-kong-2481190.jpeg
Tuen Mun,Hong Kong,,tuen-mun-hong-kong-33334781.jpeg
Tai Po,Hong Kong,,tai-po-hong-kong-9976597.jpeg
Sha Tin,Hong Kong,,sha-tin-hong-kong-16899637.jpeg
Sham Shui Po,Hong Kong,,sham-shui-po-hong-kong-21530635.jpeg
Mong Kok,Hong Kong,,mong-kok-hong-kong-33544795.jpeg
Kowloon,Hong Kong,,kowloon-hong-kong-1023233.jpeg
New Territories,Hong Kong,,new-territories-hong-kong-12717357.jpeg
Santa Rosa de Copán,Honduras,,santa-rosa-de-copan-honduras-33977732.jpeg
San Pedro Sula,Honduras,,san-pedro-sula-honduras-6211412.png
La Ceiba,Honduras,,la-ceiba-honduras-32644498.jpeg
El Progreso,Honduras,,el-progreso-honduras-27759153.jpeg
Comayagua,Honduras,,comayagua-honduras-10558599.jpeg
Ciudad Choluteca,Honduras,,ciudad-choluteca-honduras-583475.jpeg
Choloma,Honduras,,choloma-honduras-583475.jpeg
Zagreb,Croatia,,zagreb-croatia-33925286.jpeg
Varaždin,Croatia,,varazdin-croatia-28960711.jpeg
Slavonski Brod,Croatia,,slavonski-brod-croatia-34014690.jpeg
Rijeka,Croatia,,rijeka-croatia-1400773.jpeg
Pula,Croatia,,pula-croatia-16129077.jpeg
Osijek,Croatia,,osijek-croatia-1143953.jpg
Port-de-Paix,Haiti,,port-de-paix-haiti-rbmwEl8H-Oc.jpg
Jérémie,Haiti,,jeremie-haiti-nVCJBogEVbI.jpg
Jacmel,Haiti,,jacmel-haiti-8742336.jpeg
Gonaïves,Haiti,
Croix-des-Bouquets,Haiti,,croix-des-bouquets-haiti-PITqW0GcBs0.jpg
Les Cayes,Haiti,,les-cayes-haiti-5045911.jpeg
Cap-Haïtien,Haiti,,cap-haitien-haiti-4637293.png
Szolnok,Hungary,,szolnok-hungary-2908927.jpeg
Szeged,Hungary,,szeged-hungary-33984293.jpeg
Nyíregyháza,Hungary,,nyiregyhaza-hungary-33943992.jpeg
Miskolc,Hungary,
Debrecen,Hungary,,debrecen-hungary-2612644.jpg
Veszprém,Hungary,,veszprem-hungary-971619.jpeg
Szombathely,Hungary,,szombathely-hungary-20922426.jpeg
Székesfehérvár,Hungary,,szekesfehervar-hungary-28905820.jpeg
Pécs,Hungary,,pecs-hungary-1309423.jpg
Kecskemét,Hungary,
Győr,Hungary,
Medan,Indonesia,,medan-indonesia-5868756.jpg
Makassar,Indonesia,,makassar-indonesia-2355062.jpeg
Bandar Lampung,Indonesia,,bandar-lampung-indonesia-33265886.jpeg
Surabaya,Indonesia,,surabaya-indonesia-34011804.jpeg
Semarang,Indonesia,
Samarinda,Indonesia,
Pekanbaru,Indonesia,,pekanbaru-indonesia-1518723.jpeg
Palembang,Indonesia,
Padang,Indonesia,,padang-indonesia-y3pRMcM26Ik.jpg
Jepara,Indonesia,,jepara-indonesia-ViAv0neN4K8.jpg
Bandung,Indonesia,,bandung-indonesia-aI_GiYkb7To.jpg
Waterford,Ireland,,waterford-ireland-31575500.jpeg
Tallaght,Ireland,,tallaght-ireland-RrP7wigxqn0.jpg
Swords,Ireland,,swords-ireland-KViyTyPUsl8.jpg
Sligo,Ireland,,sligo-ireland-t6-HBV241_A.jpg
Limerick,Ireland,,limerick-ireland-33846155.jpeg
Galway,Ireland,,galway-ireland-33912097.jpeg
Cork,Ireland,,cork-ireland-28275659.jpeg
Tel Aviv,Israel,,tel-aviv-israel-33933850.jpeg
Ramla,Israel,,ramla-israel-33924983.jpeg
Petaẖ Tiqva,Israel,,petah-tiqva-israel-jWh9NHc3bkc.jpg
Nazareth,Israel,,nazareth-israel-20131031.jpeg
Haifa,Israel,,haifa-israel-190339.jpeg
Beersheba,Israel,,beersheba-israel-2087387.jpeg
West Jerusalem,Israel,,west-jerusalem-israel-2087389.jpeg
Ramsey,Isle of Man,,ramsey-isle-of-man-33921993.jpeg
Peel,Isle of Man,,peel-isle-of-man-o0PjShkqYK4.jpg
Douglas,Isle of Man,,douglas-isle-of-man-o0PjShkqYK4.jpg
Patna,India,,patna-india-1603650.jpeg
New Delhi,India,,new-delhi-india-574313.jpeg
Nagpur,India,,nagpur-india-28635653.jpeg
Chennai,India,,chennai-india-774282.jpeg
Lucknow,India,,lucknow-india-1722318.jpeg
Hyderabad,India,
Kolkata,India,
Bhopal,India,,bhopal-india-xTEhYRLf4bM.jpg
Bengaluru,India,,bengaluru-india-28216688.png
Kirkuk,Iraq,,kirkuk-iraq-en_ZE-XLwQk.jpg
Karbala,Iraq,,karbala-iraq-28866854.jpeg
Erbil,Iraq,,erbil-iraq-i_GIJysTyG0.jpg
As Sulaymānīyah,Iraq,,as-sulaymaniyah-iraq-iW4zwS-mJ08.jpg
Mosul,Iraq,,mosul-iraq-28216688.png
Basrah,Iraq,,basrah-iraq-en_ZE-XLwQk.jpg
Abū Ghurayb,Iraq,,abu-ghurayb-iraq-en_ZE-XLwQk.jpg
Tabriz,Iran,,tabriz-iran-gtWi4FjSfhk.jpg
Shiraz,Iran,,shiraz-iran-Qn7MynY_ihs.jpg
Rasht,Iran,,rasht-iran-Gwj4W77Hr-g.jpg
Qom,Iran,,qom-iran-Ku9gMBM5xhc.jpg
Orūmīyeh,Iran,,orumiyeh-iran-33917157.jpeg
Mashhad,Iran,,mashhad-iran-YZR-ixF_v8U.jpg
Kermanshah,Iran,,kermanshah-iran--YmPXdr_Ckc.jpg
Karaj,Iran,,karaj-iran-EQMS0dBgNE0.jpg
Ahvaz,Iran,,ahvaz-iran-3m-a6w3Xi-c.jpg
Isfahan,Iran,,isfahan-iran-3m-a6w3Xi-c.jpg
Zahedan,Iran,,zahedan-iran-dVpjB9kZMKM.jpg
Selfoss,Iceland,,selfoss-iceland-Cnjw1aZYYDk.jpg
Reykjavík,Iceland,,reykjavik-iceland-Muw7Y0DGtWs.jpg
Keflavík,Iceland,,keflavik-iceland-xGkfrWX85uE.jpg
Akranes,Iceland,,akranes-iceland-dkucWzbPvQw.jpg
Trieste,Italy,,trieste-italy-E0IelFrjzkg.jpg
Genoa,Italy,,genoa-italy-SXk8BWKvoXE.jpg
Bari,Italy,,bari-italy-BkmdKnuAZtw.jpg
Saint Helier,Jersey,,saint-helier-jersey-28216688.png
Spanish Town,Jamaica,,spanish-town-jamaica-28216688.png
Savanna-la-Mar,Jamaica,,savanna-la-mar-jamaica-19565413.jpeg
Saint Ann’s Bay,Jamaica,,saint-anns-bay-jamaica-15185923.jpeg
Port Antonio,Jamaica,,port-antonio-jamaica-28216688.png
Montego Bay,Jamaica,,montego-bay-jamaica-28216688.png
May Pen,Jamaica,,may-pen-jamaica-28216688.png
Mandeville,Jamaica,,mandeville-jamaica-28216688.png
Wādī as Sīr,Jordan,,wadi-as-sir-jordan-28216688.png
Irbid,Jordan,,irbid-jordan-28216688.png
Zarqa,Jordan,,zarqa-jordan-28216688.png
As Salţ,Jordan,,as-salt-jordan-28216688.png
Ar Ramthā,Jordan,,ar-ramtha-jordan-28216688.png
Aqaba,Jordan,,aqaba-jordan-720252.jpeg
‘Ajlūn,Jordan,,ajlun-jordan-28216688.png
Yokohama,Japan,,yokohama-japan-2389155.jpeg
Nagoya,Japan,,nagoya-japan-28216688.png
Kobe,Japan,,kobe-japan-28216688.png
Kitakyushu,Japan,,kitakyushu-japan-28216688.png
Kawasaki,Japan,,kawasaki-japan-28216688.png
Fukuoka,Japan,,fukuoka-japan-28216688.png
Chiba,Japan,,chiba-japan-28216688.png
Nakuru,Kenya,,nakuru-kenya-28216688.png
Mombasa,Kenya,,mombasa-kenya-28216688.png
Kitale,Kenya,,kitale-kenya-28216688.png
Kisumu,Kenya,,kisumu-kenya-28216688.png
Kakamega,Kenya,,kakamega-kenya-33866837.jpeg
Garissa,Kenya,,garissa-kenya-28216688.png
Eldoret,Kenya,,eldoret-kenya-28216688.png
Razzakov,Kyrgyzstan,,razzakov-kyrgyzstan-28216688.png
Tokmok,Kyrgyzstan,,tokmok-kyrgyzstan-1192632.jpeg
Osh,Kyrgyzstan,,osh-kyrgyzstan-30910719.jpeg
Karakol,Kyrgyzstan,,karakol-kyrgyzstan-33674534.jpeg
Kara-Balta,Kyrgyzstan,,kara-balta-kyrgyzstan-28216688.png
Jalal-Abad,Kyrgyzstan,,jalal-abad-kyrgyzstan-28216688.png
Bazar-Korgon,Kyrgyzstan,,bazar-korgon-kyrgyzstan-28216688.png
Ta Khmau,Cambodia,,ta-khmau-cambodia-5769409.jpeg
Takeo,Cambodia,,takeo-cambodia-28216688.png
Sihanoukville,Cambodia,,sihanoukville-cambodia-28216688.png
Kampong Chhnang,Cambodia,
Kampong Cham,Cambodia,,kampong-cham-cambodia-15136183.jpeg
Battambang,Cambodia,
Betio Village,Kiribati,,betio-village-kiribati-33900786.jpeg
Tarawa,Kiribati,
Bikenibeu Village,Kiribati,,bikenibeu-village-kiribati-33900786.jpeg
Tsimbeo,Comoros,
Moutsamoudou,Comoros,
Fomboni,Comoros,
Domoni,Comoros,
Wŏnsan,North Korea,
Sunch’ŏn,North Korea,
Sariwŏn-si,North Korea,
Namp’o,North Korea,
Kaesŏng,North Korea,
Hamhŭng,North Korea,
Chongjin,North Korea,
Daejeon,South Korea,
Daegu,South Korea,
Suwon,South Korea,
Gwangju,South Korea,,gwangju-south-korea-31035485.jpeg
Incheon,South Korea,
Changwon,South Korea,
Ḩawallī,Kuwait,
Al Jahrā’,Kuwait,
Al Farwānīyah,Kuwait,
Al Aḩmadī,Kuwait,
West Bay,Cayman Islands,
Bodden Town,Cayman Islands,
Oral,Kazakhstan,
Aktobe,Kazakhstan,
Taraz,Kazakhstan,
Shymkent,Kazakhstan,
Kyzylorda,Kazakhstan,
Pavlodar,Kazakhstan,
Almaty,Kazakhstan,
Savannakhet,Laos,
Pakse,Laos,
Thakhèk,Laos,
Tyre,Lebanon,
Sidon,Lebanon,
Aley,Lebanon,,aley-lebanon-21235775.jpeg
Laborie,Saint Lucia,
Gros Islet,Saint Lucia,
Dennery,Saint Lucia,
Choiseul,Saint Lucia,
Triesen,Liechtenstein,,triesen-liechtenstein-17273359.jpeg
Schaan,Liechtenstein,
Trincomalee,Sri Lanka,
Ratnapura,Sri Lanka,
Katunayaka,Sri Lanka,
Anuradhapura,Sri Lanka,
Zwedru,Liberia,
Kakata,Liberia,
Gbarnga,Liberia,
Buchanan,Liberia,,buchanan-liberia-5542319.jpeg
Mohale's Hoek,Lesotho,
Mafeteng,Lesotho,
Hlotse,Lesotho,
Butha-Buthe,Lesotho,,butha-buthe-lesotho-10213162.jpeg
Utena,Lithuania,
Šiauliai,Lithuania,
Panevėžys,Lithuania,
Marijampolė,Lithuania,
Klaipėda,Lithuania,
Kaunas,Lithuania,
Alytus,Lithuania,
Esch-sur-Alzette,Luxembourg,
Dudelange,Luxembourg,
Diekirch,Luxembourg,
Bettembourg,Luxembourg,
Valmiera,Latvia,
Rēzekne,Latvia,
Liepāja,Latvia,
Jūrmala,Latvia,
Jelgava,Latvia,
Jēkabpils,Latvia,,jekabpils-latvia-24243609.jpeg
Daugavpils,Latvia,
Tobruk,Libya,
Benghazi,Libya,
Ajdabiya,Libya,
Sabha,Libya,
Misratah,Libya,
Az Zāwīyah,Libya,,az-zawiyah-libya-3413164.jpeg
Al Khums,Libya,
Tétouan,Morocco,,tetouan-morocco-3615182.jpeg
Tangier,Morocco,,tangier-morocco-21529064.jpeg
Safi,Morocco,,safi-morocco-31372034.jpeg
Rabat,Morocco,,rabat-morocco-2958597.jpeg
Oujda,Morocco,
Meknes,Morocco,
Marrakesh,Morocco,
Kenitra,Morocco,
Fes,Morocco,
Casablanca,Morocco,
Al Hoceïma,Morocco,
Agadir,Morocco,
Monte-Carlo,Monaco,,monte-carlo-monaco-17346761.jpeg
La Condamine,Monaco,,la-condamine-monaco-3958980.jpeg
Ungheni,Moldova,
Tiraspol,Moldova,
Orhei,Moldova,
Căuşeni,Moldova,
Chisinau,Moldova,
Cahul,Moldova,
Bender,Moldova,
Bălţi,Moldova,
Pljevlja,Montenegro,
Nikšić,Montenegro,
Cetinje,Montenegro,
Bar,Montenegro,
Marigot,Saint Martin,
Toamasina,Madagascar,
Toliara,Madagascar,
Sambava,Madagascar,
Mahajanga,Madagascar,
Fianarantsoa,Madagascar,
Antsiranana,Madagascar,
Antsirabe,Madagascar,,antsirabe-madagascar-16749314.jpeg
Antananarivo,Madagascar,
Ebaye,Marshall Islands,
Veles,North Macedonia,
Tetovo,North Macedonia,
Prilep,North Macedonia,,prilep-north-macedonia-26699480.jpeg
Ohrid,North Macedonia,
Kumanovo,North Macedonia,
Gostivar,North Macedonia,
Bitola,North Macedonia,
Timbuktu,Mali,
Sikasso,Mali,
Ségou,Mali,
Mopti,Mali,,mopti-mali-33825107.jpeg
Koutiala,Mali,
Kayes,Mali,
Gao,Mali,
Sittwe,Myanmar,,sittwe-myanmar-17886053.jpeg
Bago,Myanmar,
Mawlamyine,Myanmar,
Mandalay,Myanmar,
Pathein,Myanmar,
Amarapura,Myanmar,,amarapura-myanmar-8002511.jpeg
Nay Pyi Taw,Myanmar,
Ulan Bator,Mongolia,
Mörön,Mongolia,
Erdenet,Mongolia,,erdenet-mongolia-5110959.jpeg
Darhan,Mongolia,
Arvayheer,Mongolia,
Taipa,Macao,,taipa-macao-33534697.jpeg
Lai Chi Van,Macao,
Luhuan,Macao,
Zhuojiacun,Macao,
San Jose Village,Northern Mariana Islands,,san-jose-village-northern-mariana-islands-27308309.jpeg
Saipan,Northern Mariana Islands,
Sainte-Marie,Martinique,
Le Robert,Martinique,
Le Lamentin,Martinique,
Le François,Martinique,
Fort-de-France,Martinique,,fort-de-france-martinique-33559033.jpeg
Zouérat,Mauritania,
Nouadhibou,Mauritania,,nouadhibou-mauritania-33825093.jpeg
Néma,Mauritania,
Kiffa,Mauritania,
Kaédi,Mauritania,
Ayoun El Atrous,Mauritania,
Tevragh Zeina,Mauritania,
Żabbar,Malta,,zabbar-malta-1297462.jpeg
Sliema,Malta,
San Pawl il-Baħar,Malta,
Qormi,Malta,
Naxxar,Malta,
Mosta,Malta,,mosta-malta-12368639.jpeg
Birkirkara,Malta,,birkirkara-malta-16523115.jpeg
Rose Belle,Mauritius,
Rivière du Rempart,Mauritius,
Quartier Militaire,Mauritius,
Pamplemousses,Mauritius,
Centre de Flacq,Mauritius,
Beau Bassin-Rose Hill,Mauritius,,beau-bassin-rose-hill-mauritius-6789857.jpeg
Port Mathurin,Mauritius,
Male,Maldives,
Hithadhoo,Maldives,
Thinadhoo,Maldives,
Fuvahmulah,Maldives,
Kulhudhuffushi,Maldives,
Karonga,Malawi,
Zomba,Malawi,
Nkhotakota,Malawi,
Mzuzu,Malawi,
Mangochi,Malawi,
Kasungu,Malawi,
Blantyre,Malawi,
Puebla,Mexico,
Mérida,Mexico,
Ecatepec de Morelos,Mexico,
Zapopan,Mexico,,zapopan-mexico-5800919.jpeg
Tijuana,Mexico,
Santiago de Querétaro,Mexico,
Monterrey,Mexico,
Mexicali,Mexico,
León de los Aldama,Mexico,
Guadalajara,Mexico,
Ciudad Juárez,Mexico,,ciudad-juarez-mexico-16105458.png
Johor Bahru,Malaysia,
Kota Kinabalu,Malaysia,
Ipoh,Malaysia,
Kuala Terengganu,Malaysia,
Malacca,Malaysia,
Seremban,Malaysia,,seremban-malaysia-26146660.jpeg
Petaling Jaya,Malaysia,
Kuantan,Malaysia,,kuantan-malaysia-572224.jpeg
Kuching,Malaysia,
Alor Setar,Malaysia,,alor-setar-malaysia-4861094.jpeg
Kota Bharu,Malaysia,,kota-bharu-malaysia-1050597.jpeg
Tete,Mozambique,,tete-mozambique-27517482.jpeg
Quelimane,Mozambique,
Nampula,Mozambique,
Matola,Mozambique,
Lichinga,Mozambique,
Chimoio,Mozambique,
Beira,Mozambique,
Katima Mulilo,Namibia,
Swakopmund,Namibia,
Rundu,Namibia,
Otjiwarongo,Namibia,
Oshakati,Namibia,
Keetmanshoop,Namibia,
Gobabis,Namibia,
Wé,New Caledonia,
Tadine,New Caledonia,
Mont-Dore,New Caledonia,,mont-dore-new-caledonia-33928230.jpeg
Dumbéa,New Caledonia,
Zinder,Niger,
Tahoua,Niger,
Maradi,Niger,
Dosso,Niger,
Diffa,Niger,
Arlit,Niger,
Agadez,Niger,
Port Harcourt,Nigeria,
Onitsha,Nigeria,
Maiduguri,Nigeria,
Lagos,Nigeria,
Kano,Nigeria,
Kaduna,Nigeria,
Jos,Nigeria,
Ilorin,Nigeria,
Ibadan,Nigeria,
Benin City,Nigeria,
Aba,Nigeria,,aba-nigeria-17586367.jpeg
Matagalpa,Nicaragua,
Masaya,Nicaragua,
León,Nicaragua,
Estelí,Nicaragua,
Chinandega,Nicaragua,
Bluefields,Nicaragua,,bluefields-nicaragua-5274754.jpeg
Zwolle,The Netherlands,
Venlo,The Netherlands,
Utrecht,The Netherlands,
s-Hertogenbosch,The Netherlands,
Maastricht,The Netherlands,
Leeuwarden,The Netherlands,,leeuwarden-the-netherlands-16366853.jpeg
Hengelo,The Netherlands,
Haarlem,The Netherlands,
Groningen,The Netherlands,
Assen,The Netherlands,
Arnhem,The Netherlands,
Tønsberg,Norway,
Stavanger,Norway,
Sandefjord,Norway,,sandefjord-norway-17508351.jpeg
Lillestrøm,Norway,
Kristiansand,Norway,,kristiansand-norway-33318124.jpeg
Drammen,Norway,
Tānsen,Nepal,
Pokhara,Nepal,
Janakpur,Nepal,,janakpur-nepal-30771058.jpeg
Butwāl,Nepal,
Siddharthanagar,Nepal,
Birendranagar,Nepal,
Dipayal,Nepal,
Palmerston North,New Zealand,
New Plymouth,New Zealand,
Hamilton,New Zealand,
Dunedin,New Zealand,
Tauranga,New Zealand,,tauranga-new-zealand-21047871.jpeg
Sur,Oman,
Sohar,Oman,
Şalālah,Oman,
Al Buraymī,Oman,
Tocumen,Panama,
Santiago de Veraguas,Panama,
San Miguelito,Panama,,san-miguelito-panama-18118017.jpeg
Panamá,Panama,
La Chorrera,Panama,,la-chorrera-panama-16549532.jpeg
David,Panama,
Colón,Panama,,colon-panama-21591305.jpeg
Arraiján,Panama,
Trujillo,Peru,
Pucallpa,Peru,
Piura,Peru,
Iquitos,Peru,
Chimbote,Peru,,chimbote-peru-16681277.jpeg
Chiclayo,Peru,
Tacna,Peru,
Huancayo,Peru,
Callao,Peru,
Arequipa,Peru,
Vaitoare,French Polynesia,
Punaauia,French Polynesia,
Pirae,French Polynesia,
Papeete,French Polynesia,
Faaa,French Polynesia,
Mount Hagen,Papua New Guinea,
Madang,Papua New Guinea,,madang-papua-new-guinea-31235875.jpeg
Lae,Papua New Guinea,
Arawa,Papua New Guinea,
Zamboanga,Philippines,
Tacloban,Philippines,
Quezon City,Philippines,
Davao,Philippines,
Dasmariñas,Philippines,
Cebu City,Philippines,
Caloocan City,Philippines,
Calamba,Philippines,
Cagayan de Oro,Philippines,
Bacolod City,Philippines,,bacolod-city-philippines-14139911.jpeg
Antipolo,Philippines,
Sukkur,Pakistan,
Rawalpindi,Pakistan,
Quetta,Pakistan,
Peshawar,Pakistan,,
Muzaffarābād,Pakistan,
Lahore,Pakistan,
Karachi,Pakistan,
Faisalabad,Pakistan,
Battagram,Pakistan,
Bannu,Pakistan,
Lublin,Poland,
Białystok,Poland,
Wrocław,Poland,
Szczecin,Poland,
Poznań,Poland,
Łódź,Poland,
Kraków,Poland,,krakow-poland-1674432.jpeg
Katowice,Poland,
Gdańsk,Poland,
Częstochowa,Poland,
Bydgoszcz,Poland,
Saint-Pierre,Saint Pierre and Miquelon,
Arecibo,Puerto Rico,
Bayamón,Puerto Rico,
Caguas,Puerto Rico,
Carolina,Puerto Rico,,carolina-puerto-rico-2927021.jpeg
Mayagüez,Puerto Rico,
Ponce,Puerto Rico,
San Juan,Puerto Rico,
Trujillo Alto,Puerto Rico,
Rafaḩ,Palestinian Territory,,rafah-palestinian-territory-2968746.jpeg
Khān Yūnis,Palestinian Territory,
Gaza,Palestinian Territory,
Dayr al Balaḩ,Palestinian Territory,,dayr-al-balah-palestinian-territory-33514658.jpeg
Nablus,Palestinian Territory,
Bethlehem,Palestinian Territory,
Jericho,Palestinian Territory,,jericho-palestinian-territory-5473056.jpeg
Hebron,Palestinian Territory,
Setúbal,Portugal,
Leiria,Portugal,
Évora,Portugal,
Barreiro,Portugal,
Vila Nova de Gaia,Portugal,
Figueira da Foz,Portugal,
Braga,Portugal,
Aveiro,Portugal,
Koror Town,Palau,
Villarrica,Paraguay,
Pedro Juan Caballero,Paraguay,
Encarnación,Paraguay,
Coronel Oviedo,Paraguay,
Ciudad del Este,Paraguay,
Caacupé,Paraguay,
Madīnat ash Shamāl,Qatar,
Ash Shīḩānīyah,Qatar,
Ar Rayyān,Qatar,
Al Wakrah,Qatar,
Al Khawr,Qatar,
Al Manşūrah,Qatar,
Al Maţār al ‘Atīq,Qatar,
Les Trois-Bassins,Reunion,
Saint-Denis,Reunion,
Le Tampon,Reunion,
Entre-Deux,Reunion,
Târgu Mureş,Romania,
Timişoara,Romania,
Ploieşti,Romania,
Oradea,Romania,
Iaşi,Romania,
Galaţi,Romania,
Craiova,Romania,
Constanţa,Romania,
Cluj-Napoca,Romania,
Braşov,Romania,
Arad,Romania,
Zrenjanin,Serbia,
Zemun,Serbia,
Pančevo,Serbia,
Niš,Serbia,
Kragujevac,Serbia,
Čačak,Serbia,
Novi Sad,Serbia,,novi-sad-serbia-15588713.jpeg
Volgograd,Russia,
Ufa,Russia,
Saint Petersburg,Russia,
Samara,Russia,
Rostov-na-Donu,Russia,,rostov-na-donu-russia-6J9rVhQhPSY.jpg
Nizhniy Novgorod,Russia,,nizhniy-novgorod-russia-dSZBCcp2NyA.jpg
Kazan,Russia,,kazan-russia-9Czdu-stssI.jpg
Yekaterinburg,Russia,
Omsk,Russia,
Novosibirsk,Russia,
Chelyabinsk,Russia,
Rwamagana,Rwanda,,rwamagana-rwanda-TaJVSdR0HWA.jpg
Kibuye,Rwanda,,kibuye-rwanda-TaJVSdR0HWA.jpg
Gitarama,Rwanda,,gitarama-rwanda-pTWXgnsJSnc.jpg
Gikongoro,Rwanda,
Gisenyi,Rwanda,
Byumba,Rwanda,
Nyanza,Rwanda,
Tabuk,Saudi Arabia,,tabuk-saudi-arabia-GJecKPFlQ5o.jpg
Najrān,Saudi Arabia,,najran-saudi-arabia-aGwBtbncMWo.jpg
Makkah,Saudi Arabia,,makkah-saudi-arabia-xuz7rF7GCKI.jpg
Ha'il,Saudi Arabia,,hail-saudi-arabia-_YdEw-K9XRU.jpg
Buraydah,Saudi Arabia,
Madinah,Saudi Arabia,
Dammam,Saudi Arabia,
Malango,Solomon Islands,,malango-solomon-islands-BNABw-JvgIg.jpg
Gizo,Solomon Islands,,gizo-solomon-islands-48hlCPv0Ikk.jpg
Auki,Solomon Islands,,auki-solomon-islands-BNABw-JvgIg.jpg
Perseverance,Seychelles,,perseverance-seychelles-ompkdGxSCWI.jpg
Wad Medani,Sudan,,wad-medani-sudan-_wqjX4MauzA.jpg
Nyala,Sudan,
Kassala,Sudan,
Port Sudan,Sudan,
El Obeid,Sudan,
Al Qadarif,Sudan,
El Fasher,Sudan,
Umeå,Sweden,,umea-sweden-1qtLv9LAs0o.jpg
Västerås,Sweden,,vasteras-sweden-XeK7Xb_2Rp8.jpg
Uppsala,Sweden,
Örebro,Sweden,
Norrköping,Sweden,
Malmö,Sweden,
Lund,Sweden,
Linköping,Sweden,
Jönköping,Sweden,
Helsingborg,Sweden,
Göteborg,Sweden,
Punggol,Singapore,,punggol-singapore-1zI4zJ7V4KQ.jpg
Jurong Town,Singapore,,jurong-town-singapore-YCCGvG32Xlk.jpg
Yishun New Town,Singapore,
Woodlands,Singapore,
Bedok New Town,Singapore,
Choa Chu Kang New Town,Singapore,
Sengkang New Town,Singapore,
Velenje,Slovenia,
Novo Mesto,Slovenia,
Nova Gorica,Slovenia,
Maribor,Slovenia,
Kranj,Slovenia,
Koper,Slovenia,
Celje,Slovenia,
Prešov,Slovakia,
Košice,Slovakia,
Žilina,Slovakia,
Trnava,Slovakia,
Nitra,Slovakia,
Martin,Slovakia,
Banská Bystrica,Slovakia,
Waterloo,Sierra Leone,
Port Loko,Sierra Leone,
Njala,Sierra Leone,
Makeni,Sierra Leone,
Koidu,Sierra Leone,
Kenema,Sierra Leone,
Bo,Sierra Leone,,bo-sierra-leone-5199617.jpeg
Serravalle,San Marino,,serravalle-san-marino-33885918.jpeg
Dogana,San Marino,
Borgo Maggiore,San Marino,,borgo-maggiore-san-marino-33885919.jpeg
Valdragone,San Marino,
Ziguinchor,Senegal,
Thiès,Senegal,
Tambacounda,Senegal,
Saint-Louis,Senegal,
Kolda,Senegal,
Kaolack,Senegal,,kaolack-senegal-26974533.jpeg
Diourbel,Senegal,
Marka,Somalia,
Kismayo,Somalia,
Hargeysa,Somalia,
Gaalkacyo,Somalia,
Burao,Somalia,
Bosaso,Somalia,
Baidoa,Somalia,
Nieuw Nickerie,Suriname,
Meerzorg,Suriname,
Lelydorp,Suriname,
Brokopondo,Suriname,
Wau,South Sudan,
Rumbek,South Sudan,
Malakal,South Sudan,
Kuacjok,South Sudan,
Neves,Sao Tome and Principe,
Água Izé,Sao Tome and Principe,
Folha Fede,Sao Tome and Principe,
Usulután,El Salvador,
Sonsonate,El Salvador,
San Vicente,El Salvador,
Santa Ana,El Salvador,
San Miguel,El Salvador,,san-miguel-el-salvador-32730680.jpeg
Santa Tecla,El Salvador,
Cojutepeque,El Salvador,
Lower Prince’s Quarter,Sint Maarten,
Cul de Sac,Sint Maarten,
Koolbaai,Sint Maarten,
Ţarţūs,Syria,,tartus-syria-17473528.jpeg
Homs,Syria,
Ḩamāh,Syria,
Aleppo,Syria,,aleppo-syria-29409463.jpeg
Deir ez-Zor,Syria,
Ar Raqqah,Syria,
Latakia,Syria,
Siteki,Eswatini,
Piggs Peak,Eswatini,
Nhlangano,Eswatini,
Manzini,Eswatini,
Providenciales,Turks and Caicos Islands,
Goz Beida,Chad,
Am Timan,Chad,
Abéché,Chad,
Sarh,Chad,
Pala,Chad,
Moundou,Chad,
Mongo,Chad,
Tsévié,Togo,
Sokodé,Togo,
Kpalimé,Togo,
Kara,Togo,
Dapaong,Togo,
Bassar,Togo,
Atakpamé,Togo,
Surat Thani,Thailand,
Lampang,Thailand,
Udon Thani,Thailand,
Ubon Ratchathani,Thailand,
Si Racha,Thailand,
Samut Prakan,Thailand,
Phra Pradaeng,Thailand,,phra-pradaeng-thailand-248082.jpeg
Mueang Nonthaburi,Thailand,
Nakhon Ratchasima,Thailand,
Hat Yai,Thailand,
Chon Buri,Thailand,
Istaravshan,Tajikistan,,istaravshan-tajikistan-19805420.jpeg
Bokhtar,Tajikistan,
Vahdat,Tajikistan,
Kŭlob,Tajikistan,
Tursunzoda,Tajikistan,
Khujand,Tajikistan,
Isfara,Tajikistan,
Suai,Timor Leste,
Maliana,Timor Leste,,maliana-timor-leste-16667044.jpeg
Likisá,Timor Leste,
Aileu,Timor Leste,
Balkanabat,Turkmenistan,,balkanabat-turkmenistan-1475938.jpeg
Änew,Turkmenistan,
Akdepe,Turkmenistan,
Türkmenbaşy,Turkmenistan,
Daşoguz,Turkmenistan,
Mary,Turkmenistan,
Türkmenabat,Turkmenistan,
Sousse,Tunisia,
Sfax,Tunisia,
Gabès,Tunisia,
Bizerte,Tunisia,
Aryanah,Tunisia,
Kairouan,Tunisia,
Monastir,Tunisia,
Nuku‘alofa,Tonga,
Lapaha,Tonga,
Konya,Turkey,
Kayseri,Turkey,
İzmir,Turkey,,izmir-turkey-24380464.jpeg
Gaziantep,Turkey,
Eskişehir,Turkey,
Erzurum,Turkey,
Diyarbakır,Turkey,,diyarbakr-turkey-33898874.jpeg
Ankara,Turkey,
Adana,Turkey,,adana-turkey-31747882.jpeg
Bursa,Turkey,
San Fernando,Trinidad and Tobago,
Rio Claro,Trinidad and Tobago,
Chaguanas,Trinidad and Tobago,
Arima,Trinidad and Tobago,,arima-trinidad-and-tobago-30826596.jpeg
Tainan,Taiwan,
Taichung,Taiwan,
Banqiao,Taiwan,
Fengshan,Taiwan,
Kaohsiung,Taiwan,,kaohsiung-taiwan-1271914.jpeg
Jincheng,Taiwan,
New Taipei City,Taiwan,
Tanga,Tanzania,
Tabora,Tanzania,,tabora-tanzania-29093739.jpeg
Sumbawanga,Tanzania,
Mwanza,Tanzania,
Morogoro,Tanzania,
Mbeya,Tanzania,
Kigoma,Tanzania,
Dodoma,Tanzania,
Dar es Salaam,Tanzania,
Arusha,Tanzania,
Songea,Tanzania,
Zaporizhzhya,Ukraine,
Simferopol,Ukraine,
Sevastopol,Ukraine,,sevastopol-ukraine-8720840.jpeg
Odesa,Ukraine,
Mykolayiv,Ukraine,
Lviv,Ukraine,
Luhansk,Ukraine,
Kryvyy Rih,Ukraine,
Kharkiv,Ukraine,
Donetsk,Ukraine,
Dnipro,Ukraine,
Mukono,Uganda,,mukono-uganda-1233286.jpeg
Mbarara,Uganda,
Mbale,Uganda,,mbale-uganda-1233286.jpeg
Masindi,Uganda,
Kasese,Uganda,
Jinja,Uganda,
Gulu,Uganda,
Washington,United States,
Philadelphia,United States,,philadelphia-united-states-33883307.jpeg
Dallas,United States,
Houston,United States,
San Antonio,United States,
Chicago,United States,
Brooklyn,United States,
Manhattan,United States,
Queens,United States,
Phoenix,United States,
Los Angeles,United States,
Tacuarembó,Uruguay,
Salto,Uruguay,,salto-uruguay-33929996.jpeg
Rivera,Uruguay,
Paysandú,Uruguay,
Mercedes,Uruguay,
Melo,Uruguay,
Maldonado,Uruguay,
Nukus,Uzbekistan,
Samarkand,Uzbekistan,,samarkand-uzbekistan-33811305.jpeg
Qarshi,Uzbekistan,
Bukhara,Uzbekistan,
Namangan,Uzbekistan,
Fergana,Uzbekistan,
Andijon,Uzbekistan,
Calliaqua,Saint Vincent and the Grenadines,
Maracaibo,Venezuela,
Ciudad Guayana,Venezuela,,ciudad-guayana-venezuela-29535680.jpeg
Ciudad Bolívar,Venezuela,
Barquisimeto,Venezuela,
Maturín,Venezuela,
Road Town,British Virgin Islands,
Charlotte Amalie,U.S. Virgin Islands,
Saint Croix,U.S. Virgin Islands,
Tutu,U.S. Virgin Islands,,tutu-us-virgin-islands-11402368.jpeg
Vinh,Vietnam,
Thanh Hóa,Vietnam,
Rạch Giá,Vietnam,
Qui Nhon,Vietnam,
Huế,Vietnam,
Haiphong,Vietnam,
Cần Thơ,Vietnam,
Biên Hòa,Vietnam,
Port-Vila,Vanuatu,
Luganville,Vanuatu,
Asau,Samoa,
Ferizaj,Kosovo,
Suva Reka,Kosovo,
Prizren,Kosovo,
Pristina,Kosovo,
Pejë,Kosovo,,peje-kosovo-918263.jpeg
Mitrovicë,Kosovo,
Glogovac,Kosovo,
Gjakovë,Kosovo,,gjakove-kosovo-33203398.jpeg
Taiz,Yemen,
Sanaa,Yemen,
Ibb,Yemen,
Dhamār,Yemen,
‘Amrān,Yemen,
Mukalla,Yemen,
Al Ḩudaydah,Yemen,,al-hudaydah-yemen-31913853.jpeg
Aden,Yemen,
Pamandzi,Mayotte,
Mamoudzou,Mayotte,
Dzaoudzi,Mayotte,,dzaoudzi-mayotte-12871825.jpeg
Dembeni,Mayotte,
Koungou,Mayotte,
Emalahleni,South Africa,
Welkom,South Africa,,welkom-south-africa-2227828.jpeg
Vereeniging,South Africa,
Rustenburg,South Africa,
Port Elizabeth,South Africa,
Pietermaritzburg,South Africa,
Johannesburg,South Africa,
East London,South Africa,
Durban,South Africa,
Bloemfontein,South Africa,
Cape Town,South Africa,
Solwezi,Zambia,
Ndola,Zambia,
Livingstone,Zambia,
Kasama,Zambia,,kasama-zambia-11760864.jpeg
Kabwe,Zambia,
Chipata,Zambia,
Chingola,Zambia,
Mutare,Zimbabwe,
Masvingo,Zimbabwe,
Marondera,Zimbabwe,,marondera-zimbabwe-11760864.jpeg
Gweru,Zimbabwe,
Chinhoyi,Zimbabwe,
Bulawayo,Zimbabwe,
Bindura,Zimbabwe,
